Trade_ID,Entry_Date,Expiration,Exit_Date,DTE,SPX_Entry,SPX_Exit,SPX_Expiration,VIX_Entry,PUT_Short_Final,PUT_Long_Final,PUT_Credit_Final,PUT_Rolls,PUT_Exit,CALL_Short_Final,CALL_Long_Final,CALL_Credit_Final,CALL_Rolls,CALL_Exit,Cumulative_Credit_$,Banked_Roll_PnL_$,Total_PnL_$,PnL_%,Exit_Reason,Result
1,2016-05-09,2016-06-10,2016-06-03,32,2058.77,2099.12,2096.14,14.57,1995,1945,4.72,1,10 DTE Exit,2150,2200,3.15,1,10 DTE Exit,1577.51,-770.85,0.62,0.0,10 DTE Exit (Profitable),WIN
2,2016-05-16,2016-06-17,2016-06-09,32,2066.62,2115.54,2071.19,14.68,1990,1940,5.20,1,10 DTE Exit,2165,2215,3.36,1,10 DTE Exit,1724.76,-806.16,31.92,1.9,10 DTE Exit (Profitable),WIN
4,2016-06-03,2016-07-08,2016-06-09,35,2099.12,2115.54,2129.63,13.47,2045,1995,5.86,0,,2180,2230,3.71,0,,956.72,0.00,550.23,57.5,50% Profit Target,WIN
6,2016-06-20,2016-07-22,2016-06-22,32,2083.34,2085.42,2174.92,18.37,2045,1995,5.14,0,,2145,2195,3.17,0,,831.44,0.00,531.62,63.9,50% Profit Target,WIN
3,2016-05-23,2016-06-24,2016-06-24,32,2048.30,2037.34,2037.34,15.82,1995,1945,5.56,0,Expiration,2125,2175,3.58,0,CALL:Stop Loss,913.51,0.00,-331.29,-36.3,Expiration,LOSS
5,2016-06-09,2016-07-15,2016-07-05,36,2115.54,2088.34,2161.53,14.64,2030,1980,5.12,1,PUT:Stop Loss,2190,2240,3.17,0,10 DTE Exit,1374.56,-746.04,-1872.80,-136.2,10 DTE Exit (Cut Loss),LOSS
9,2016-07-11,2016-08-12,2016-07-25,32,2137.04,2168.48,2183.89,13.54,2025,1975,7.44,0,,2285,2335,4.68,0,,1211.32,0.00,1112.42,91.8,50% Profit Target,WIN
10,2016-07-18,2016-08-19,2016-07-25,32,2166.82,2168.48,2183.77,12.44,2055,2005,7.43,0,,2315,2365,4.65,0,,1207.75,0.00,963.43,79.8,50% Profit Target,WIN
8,2016-07-05,2016-08-05,2016-07-26,31,2088.34,2169.16,2182.64,15.58,1985,1935,7.45,0,10 DTE Exit,2270,2320,3.83,1,10 DTE Exit,1599.69,-463.79,661.46,41.3,10 DTE Exit (Profitable),WIN
11,2016-07-25,2016-08-26,2016-07-26,32,2168.48,2169.16,2169.23,12.87,2095,2045,6.55,0,,2270,2320,4.21,0,,1075.31,0.00,544.24,50.6,50% Profit Target,WIN
7,2016-06-27,2016-07-29,2016-07-29,32,2000.58,2173.48,2173.48,23.85,1915,1865,6.59,0,Expiration,2115,2165,4.17,0,CALL:Stop Loss,1075.52,0.00,-363.00,-33.8,Expiration,LOSS
12,2016-08-01,2016-09-02,2016-08-05,32,2170.79,2182.64,2179.95,12.44,2135,2085,4.92,0,,2230,2280,3.05,0,,797.22,0.00,591.87,74.2,50% Profit Target,WIN
13,2016-08-05,2016-09-09,2016-08-11,35,2182.64,2185.78,2128.01,11.39,2155,2105,4.16,0,,2235,2285,2.48,0,,664.46,0.00,347.09,52.2,50% Profit Target,WIN
14,2016-08-11,2016-09-16,2016-08-22,36,2185.78,2182.70,2139.05,11.68,2160,2110,3.94,0,,2235,2285,2.55,0,,648.43,0.00,337.83,52.1,50% Profit Target,WIN
16,2016-08-29,2016-09-30,2016-09-02,32,2180.41,2179.95,2168.09,12.94,2150,2100,3.50,0,,2230,2280,2.44,0,,594.40,0.00,432.21,72.7,50% Profit Target,WIN
15,2016-08-22,2016-09-23,2016-09-13,32,2182.70,2127.04,2164.79,12.27,2145,2095,3.21,1,PUT:Stop Loss,2230,2280,1.94,0,10 DTE Exit,891.42,-256.77,-1807.82,-202.8,10 DTE Exit (Cut Loss),LOSS
17,2016-09-02,2016-10-07,2016-09-22,35,2179.95,2177.03,2153.74,11.98,2160,2110,3.60,0,PUT:Stop Loss,2225,2275,1.97,0,CALL:Stop Loss,556.78,0.00,-2591.92,-465.5,Both legs stopped out,LOSS
18,2016-09-12,2016-10-14,2016-10-03,32,2159.00,2161.03,2133.08,15.16,2100,2050,6.14,0,,2245,2295,3.83,0,,997.14,0.00,543.41,54.5,50% Profit Target,WIN
19,2016-09-19,2016-10-21,2016-10-04,32,2139.14,2150.53,2141.16,15.53,2070,2020,6.27,0,,2235,2285,4.03,0,,1029.90,0.00,521.68,50.7,50% Profit Target,WIN
20,2016-09-26,2016-10-28,2016-10-07,32,2146.31,2153.74,2126.47,14.50,2070,2020,6.56,0,,2250,2300,4.28,0,,1084.27,0.00,811.33,74.8,50% Profit Target,WIN
21,2016-10-03,2016-11-04,2016-10-07,32,2161.03,2153.74,2085.27,13.57,2080,2030,6.79,0,,2270,2320,4.47,0,,1126.41,0.00,678.37,60.2,50% Profit Target,WIN
22,2016-10-07,2016-11-11,2016-10-11,35,2153.74,2136.85,2164.29,13.48,2085,2035,6.03,0,,2250,2300,3.94,0,,996.47,0.00,576.27,57.8,50% Profit Target,WIN
23,2016-10-17,2016-11-18,2016-10-21,32,2126.48,2141.16,2182.00,16.21,2075,2025,5.47,0,,2200,2250,3.71,0,,918.85,0.00,460.70,50.1,50% Profit Target,WIN
24,2016-10-21,2016-11-25,2016-10-26,35,2141.16,2139.44,2213.35,13.34,2095,2045,5.39,0,,2215,2265,3.21,0,,860.51,0.00,430.92,50.1,50% Profit Target,WIN
26,2016-11-07,2016-12-09,2016-11-09,32,2131.47,2163.09,2259.53,18.71,2075,2025,5.67,0,,2210,2260,3.90,0,,957.39,0.00,485.28,50.7,50% Profit Target,WIN
28,2016-11-21,2016-12-23,2016-11-30,32,2198.18,2199.08,2263.69,12.42,2140,2090,5.93,0,,2285,2335,3.53,0,,946.39,0.00,536.83,56.7,50% Profit Target,WIN
25,2016-10-31,2016-12-02,2016-12-02,32,2126.23,2192.02,2192.02,17.06,2055,2005,3.83,3,Expiration,2180,2230,2.67,0,CALL:Stop Loss,1935.66,-727.43,-925.14,-47.8,Expiration,LOSS
29,2016-11-28,2016-12-30,2016-12-05,32,2201.81,2204.71,2239.20,13.15,2145,2095,5.97,0,,2285,2335,3.77,0,,973.59,0.00,502.36,51.6,50% Profit Target,WIN
27,2016-11-14,2016-12-16,2016-12-06,32,2164.30,2212.24,2258.00,14.48,2110,2060,5.85,0,10 DTE Exit,2275,2325,3.33,1,10 DTE Exit,1278.92,-418.53,498.14,39.0,10 DTE Exit (Profitable),WIN
30,2016-12-05,2017-01-06,2016-12-06,32,2204.71,2212.24,2277.16,12.14,2150,2100,5.16,0,,2280,2330,3.69,0,,884.86,0.00,698.07,78.9,50% Profit Target,WIN
31,2016-12-12,2017-01-13,2016-12-27,32,2256.90,2268.87,2274.61,12.64,2220,2170,4.52,0,,2315,2365,3.10,0,,761.57,0.00,506.56,66.5,50% Profit Target,WIN
32,2016-12-19,2017-01-20,2016-12-27,32,2262.58,2268.87,2271.24,11.71,2220,2170,4.55,0,,2325,2375,3.30,0,,784.98,0.00,421.34,53.7,50% Profit Target,WIN
34,2017-01-09,2017-02-10,2017-01-13,32,2269.08,2274.61,2316.16,11.56,2230,2180,4.67,0,,2330,2380,3.15,0,,781.92,0.00,478.24,61.2,50% Profit Target,WIN
33,2016-12-27,2017-01-27,2017-01-17,31,2268.87,2267.83,2294.55,11.99,2210,2160,5.10,1,10 DTE Exit,2330,2380,2.77,0,10 DTE Exit,1221.59,-455.98,326.43,26.7,10 DTE Exit (Profitable),WIN
37,2017-01-30,2017-03-03,2017-02-01,32,2280.68,2279.44,2382.88,11.88,2245,2195,4.31,0,,2340,2390,2.65,0,,695.47,0.00,417.31,60.0,50% Profit Target,WIN
35,2017-01-13,2017-02-17,2017-02-07,35,2274.61,2292.96,2350.96,11.23,2235,2185,4.21,1,10 DTE Exit,2350,2400,2.40,1,10 DTE Exit,1397.98,-471.08,186.65,13.4,10 DTE Exit (Profitable),WIN
36,2017-01-23,2017-02-24,2017-02-14,32,2265.32,2337.46,2367.15,11.77,2235,2185,4.25,0,10 DTE Exit,2320,2370,2.47,0,CALL:Stop Loss,672.04,0.00,-422.07,-62.8,10 DTE Exit (Cut Loss),LOSS
38,2017-02-06,2017-03-10,2017-03-01,32,2292.56,2395.84,2372.81,11.37,2260,2210,3.71,0,10 DTE Exit,2385,2435,2.16,3,CALL:Stop Loss,1361.59,-650.42,-2105.67,-154.6,10 DTE Exit (Cut Loss),LOSS
39,2017-02-13,2017-03-17,2017-03-07,32,2328.22,2368.28,2378.16,11.07,2295,2245,4.07,0,10 DTE Exit,2405,2455,2.38,1,CALL:Stop Loss,895.86,-318.67,-834.57,-93.2,10 DTE Exit (Cut Loss),LOSS
41,2017-03-06,2017-04-07,2017-03-15,32,2375.40,2384.86,2355.60,11.24,2340,2290,4.65,0,,2435,2485,2.95,0,,759.74,0.00,396.23,52.2,50% Profit Target,WIN
40,2017-02-27,2017-03-31,2017-03-21,32,2369.72,2343.98,2362.69,12.09,2345,2295,3.83,0,PUT:Stop Loss,2420,2470,2.09,0,CALL:Stop Loss,591.38,0.00,-1718.40,-290.6,10 DTE Exit (Cut Loss),LOSS
42,2017-03-13,2017-04-14,2017-04-04,32,2373.55,2360.07,2353.85,11.35,2305,2255,4.93,1,10 DTE Exit,2435,2485,2.74,0,10 DTE Exit,1184.76,-725.83,20.59,1.7,10 DTE Exit (Profitable),WIN
45,2017-04-03,2017-05-05,2017-04-05,32,2358.89,2352.85,2399.27,12.38,2320,2270,4.14,0,,2420,2470,2.77,0,,691.17,0.00,347.25,50.2,50% Profit Target,WIN
43,2017-03-20,2017-04-21,2017-04-11,32,2373.46,2353.85,2348.85,11.34,2300,2250,5.20,1,10 DTE Exit,2435,2485,3.21,0,10 DTE Exit,1318.96,-742.65,80.17,6.1,10 DTE Exit (Profitable),WIN
44,2017-03-27,2017-04-28,2017-04-12,32,2341.58,2344.82,2384.13,12.50,2295,2245,4.93,0,,2425,2475,2.82,1,,1122.05,-170.93,576.84,51.4,50% Profit Target,WIN
47,2017-04-17,2017-05-19,2017-04-19,32,2349.01,2338.04,2381.62,14.66,2310,2260,4.60,0,,2410,2460,3.16,0,,775.80,0.00,530.84,68.4,50% Profit Target,WIN
48,2017-04-24,2017-05-26,2017-05-03,32,2374.08,2387.92,2415.61,10.84,2335,2285,5.04,0,,2440,2490,2.98,0,,801.93,0.00,435.04,54.2,50% Profit Target,WIN
49,2017-05-01,2017-06-02,2017-05-11,32,2388.81,2394.57,2438.45,10.11,2350,2300,4.85,0,,2450,2500,3.37,0,,822.12,0.00,489.40,59.5,50% Profit Target,WIN
46,2017-04-10,2017-05-12,2017-05-12,32,2357.14,2390.67,2390.67,14.05,2300,2250,4.45,1,Expiration,2435,2485,2.49,1,Expiration,1419.52,-796.87,-103.04,-7.3,Expiration,LOSS
50,2017-05-08,2017-06-09,2017-05-15,32,2399.04,2402.33,2431.58,9.77,2360,2310,4.75,0,,2460,2510,3.35,0,,809.56,0.00,546.74,67.5,50% Profit Target,WIN
51,2017-05-11,2017-06-16,2017-05-15,36,2394.57,2402.33,2433.11,10.60,2355,2305,4.85,0,,2460,2510,3.27,0,,811.47,0.00,460.39,56.7,50% Profit Target,WIN
52,2017-05-22,2017-06-23,2017-06-13,32,2393.94,2440.33,2438.18,10.93,2345,2295,4.92,0,10 DTE Exit,2490,2540,3.09,1,10 DTE Exit,1148.13,-383.80,353.69,30.8,10 DTE Exit (Profitable),WIN
53,2017-06-05,2017-07-07,2017-06-14,32,2436.18,2437.89,2425.08,10.07,2385,2335,5.07,0,,2510,2560,3.59,0,,866.09,0.00,436.81,50.4,50% Profit Target,WIN
54,2017-06-12,2017-07-14,2017-06-15,32,2429.44,2432.51,2459.23,11.46,2380,2330,5.29,0,,2505,2555,3.39,0,,868.17,0.00,807.05,93.0,50% Profit Target,WIN
55,2017-06-15,2017-07-21,2017-07-21,36,2432.51,2472.41,2472.41,10.90,2380,2330,4.23,2,Expiration,2500,2550,2.65,1,Expiration,1702.13,-1021.68,-333.32,-19.6,Expiration,LOSS
59,2017-07-17,2017-08-18,2017-07-24,32,2459.12,2470.64,2425.52,9.82,2410,2360,5.42,0,,2535,2585,3.44,0,,886.20,0.00,453.31,51.2,50% Profit Target,WIN
60,2017-07-24,2017-08-25,2017-07-27,32,2470.64,2475.45,2443.28,9.43,2425,2375,4.96,0,,2540,2590,3.40,0,,835.45,0.00,575.39,68.9,50% Profit Target,WIN
56,2017-06-26,2017-07-28,2017-07-28,32,2438.99,2472.06,2472.06,9.90,2370,2320,4.08,2,Expiration,2505,2555,2.77,1,Expiration,1716.77,-1112.16,-426.59,-24.8,Expiration,LOSS
61,2017-07-27,2017-09-01,2017-07-31,36,2475.45,2470.45,2476.45,10.11,2440,2390,5.05,0,,2540,2590,3.12,0,,817.50,0.00,426.98,52.2,50% Profit Target,WIN
58,2017-07-10,2017-08-11,2017-08-01,32,2427.53,2476.26,2441.39,11.11,2380,2330,5.02,0,10 DTE Exit,2530,2580,3.24,1,10 DTE Exit,1153.52,-468.09,354.01,30.7,10 DTE Exit (Profitable),WIN
57,2017-07-03,2017-08-04,2017-08-04,32,2429.01,2476.55,2476.55,11.22,2370,2320,5.16,1,Expiration,2520,2570,2.86,1,Expiration,1558.75,-832.47,-30.92,-2.0,Expiration,LOSS
62,2017-08-07,2017-09-08,2017-08-29,32,2480.81,2446.30,2461.62,9.93,2460,2410,2.24,1,PUT:Stop Loss,2520,2570,2.02,0,10 DTE Exit,749.49,2.42,-1632.85,-217.9,10 DTE Exit (Cut Loss),LOSS
65,2017-08-28,2017-09-29,2017-09-08,32,2444.13,2461.62,2519.05,11.32,2385,2335,5.49,0,,2530,2580,3.55,0,,904.11,0.00,556.49,61.6,50% Profit Target,WIN
64,2017-08-21,2017-09-22,2017-09-12,32,2428.30,2496.68,2501.92,13.19,2375,2325,5.13,0,10 DTE Exit,2540,2590,3.69,1,10 DTE Exit,1237.66,-603.91,119.05,9.6,10 DTE Exit (Profitable),WIN
63,2017-08-14,2017-09-15,2017-09-15,32,2465.49,2499.99,2499.99,12.33,2380,2330,5.10,1,Expiration,2530,2580,3.11,0,Expiration,1290.18,-925.60,-103.90,-8.1,Expiration,LOSS
66,2017-09-08,2017-10-13,2017-09-15,35,2461.62,2499.99,2553.43,12.12,2410,2360,5.96,0,,2545,2595,3.61,0,,957.80,0.00,543.85,56.8,50% Profit Target,WIN
67,2017-09-15,2017-10-20,2017-09-20,35,2499.99,2508.15,2575.12,10.17,2460,2410,4.72,0,,2565,2615,3.31,0,,802.97,0.00,481.13,59.9,50% Profit Target,WIN
69,2017-10-02,2017-11-03,2017-10-03,32,2529.19,2534.59,2587.85,9.45,2500,2450,4.46,0,,2585,2635,2.63,0,,709.84,0.00,388.35,54.7,50% Profit Target,WIN
71,2017-10-16,2017-11-17,2017-10-19,32,2557.60,2562.22,2578.82,9.91,2540,2490,2.63,0,,2595,2645,2.15,0,,478.06,0.00,297.61,62.3,50% Profit Target,WIN
72,2017-10-19,2017-11-24,2017-10-25,36,2562.22,2557.16,2602.42,10.05,2550,2500,3.12,0,PUT:Stop Loss,2605,2655,1.46,0,CALL:Stop Loss,457.45,0.00,-1104.42,-241.4,Both legs stopped out,LOSS
68,2017-09-25,2017-10-27,2017-10-27,32,2496.64,2581.06,2581.06,10.21,2465,2415,4.15,0,Expiration,2590,2640,2.18,3,Expiration,1366.34,-676.45,-43.38,-3.2,Expiration,LOSS
73,2017-10-30,2017-12-01,2017-11-02,32,2572.79,2579.83,2642.09,10.50,2545,2495,3.62,0,,2625,2675,2.29,0,,591.12,0.00,326.56,55.2,50% Profit Target,WIN
70,2017-10-09,2017-11-10,2017-11-10,32,2544.65,2582.31,2582.31,10.33,2530,2480,3.12,0,Expiration,2610,2660,1.85,3,Expiration,1012.22,-556.46,-58.82,-5.8,Expiration,LOSS
74,2017-11-02,2017-12-08,2017-11-13,36,2579.83,2584.85,2651.50,9.93,2555,2505,3.75,0,,2630,2680,2.65,0,,639.55,0.00,351.80,55.0,50% Profit Target,WIN
75,2017-11-13,2017-12-15,2017-11-28,32,2584.85,2627.17,2675.49,11.50,2560,2510,3.74,0,PUT:Stop Loss,2635,2685,2.28,0,CALL:Stop Loss,602.33,0.00,-1704.25,-282.9,Both legs stopped out,LOSS
76,2017-11-20,2017-12-22,2017-12-12,32,2582.18,2664.24,2683.55,10.65,2550,2500,4.22,0,10 DTE Exit,2640,2690,2.63,0,CALL:Stop Loss,684.88,0.00,-515.97,-75.3,10 DTE Exit (Cut Loss),LOSS
78,2017-12-04,2018-01-05,2017-12-14,32,2639.17,2652.19,2742.70,11.68,2600,2550,4.82,0,,2705,2755,3.08,0,,790.29,0.00,443.80,56.2,50% Profit Target,WIN
77,2017-11-27,2017-12-29,2017-12-29,32,2601.47,2675.30,2675.30,9.87,2575,2525,4.24,0,Expiration,2655,2705,2.47,0,CALL:Stop Loss,670.73,0.00,-247.51,-36.9,Expiration,LOSS
79,2017-12-11,2018-01-12,2018-01-02,32,2659.96,2695.83,2786.14,9.34,2620,2570,5.05,0,10 DTE Exit,2745,2795,3.15,1,10 DTE Exit,1169.07,-329.45,479.08,41.0,10 DTE Exit (Profitable),WIN
80,2017-12-14,2018-01-19,2018-01-19,36,2652.19,2810.29,2810.29,10.49,2610,2560,4.65,0,Expiration,2720,2770,3.43,0,CALL:Stop Loss,808.44,0.00,-323.90,-40.1,Expiration,LOSS
81,2018-01-02,2018-02-02,2018-02-02,31,2695.83,2761.44,2761.44,9.77,2660,2610,4.43,0,Expiration,2755,2805,3.13,0,CALL:Stop Loss,755.53,0.00,-211.96,-28.1,Expiration,LOSS
82,2018-01-08,2018-02-09,2018-02-02,32,2747.54,2761.44,2619.53,9.52,2710,2660,4.80,0,10 DTE Exit,2810,2860,3.39,0,CALL:Stop Loss,819.19,0.00,-698.23,-85.2,10 DTE Exit (Cut Loss),LOSS
83,2018-01-22,2018-02-23,2018-02-02,32,2832.96,2761.44,2747.49,11.03,2790,2740,4.84,0,PUT:Stop Loss,2905,2955,3.03,0,CALL:Stop Loss,787.13,0.00,-2675.79,-339.9,Both legs stopped out,LOSS
84,2018-01-29,2018-03-02,2018-02-20,32,2853.40,2716.15,2691.14,13.84,2800,2750,5.62,0,PUT:Stop Loss,2935,2985,3.84,0,10 DTE Exit,946.35,0.00,-1807.29,-191.0,10 DTE Exit (Cut Loss),LOSS
85,2018-02-02,2018-03-09,2018-02-27,35,2761.44,2744.24,2786.46,17.31,2675,2625,6.88,0,VIX Exit,2885,2935,4.45,0,10 DTE Exit,1132.89,0.00,-2101.14,-185.5,10 DTE Exit (Cut Loss),LOSS
86,2018-02-20,2018-03-23,2018-03-05,31,2716.15,2721.01,2588.19,20.60,2540,2490,8.63,0,,2955,3005,5.04,0,,1367.55,0.00,697.57,51.0,50% Profit Target,WIN
88,2018-03-05,2018-04-06,2018-03-07,32,2721.01,2726.93,2604.32,18.73,2535,2485,8.68,0,,2970,3020,5.19,0,,1387.32,0.00,710.50,51.2,50% Profit Target,WIN
87,2018-02-26,2018-03-30,2018-03-08,32,2779.55,2738.93,2612.61,15.80,2590,2540,8.70,0,,3035,3085,5.13,0,,1383.31,0.00,758.01,54.8,50% Profit Target,WIN
89,2018-03-08,2018-04-13,2018-03-09,36,2738.93,2786.46,2656.31,16.54,2585,2535,8.29,0,,2950,3000,5.02,0,,1330.88,0.00,812.83,61.1,50% Profit Target,WIN
90,2018-03-19,2018-04-20,2018-04-10,32,2712.95,2656.85,2670.22,19.02,2610,2560,7.26,0,PUT:Stop Loss,2855,2905,4.55,0,10 DTE Exit,1180.73,0.00,-1303.90,-110.4,10 DTE Exit (Cut Loss),LOSS
91,2018-03-26,2018-04-27,2018-04-13,32,2658.63,2656.31,2669.98,21.03,2525,2475,8.05,0,,2840,2890,4.93,0,,1298.20,0.00,682.79,52.6,50% Profit Target,WIN
92,2018-04-02,2018-05-04,2018-04-20,32,2581.72,2670.22,2663.44,23.62,2440,2390,8.20,0,,2775,2825,4.89,0,,1308.64,0.00,679.92,52.0,50% Profit Target,WIN
93,2018-04-09,2018-05-11,2018-04-23,32,2613.32,2670.26,2727.69,21.77,2460,2410,8.02,0,,2815,2865,5.01,0,,1302.71,0.00,819.19,62.9,50% Profit Target,WIN
94,2018-04-13,2018-05-18,2018-04-23,35,2656.31,2670.26,2713.02,17.41,2485,2435,8.28,0,,2885,2935,5.06,0,,1334.95,0.00,772.48,57.9,50% Profit Target,WIN
95,2018-04-20,2018-05-25,2018-04-24,35,2670.22,2634.52,2721.25,16.88,2510,2460,8.21,0,,2885,2935,5.06,0,,1326.82,0.00,713.42,53.8,50% Profit Target,WIN
96,2018-04-30,2018-06-01,2018-05-04,32,2648.19,2663.44,2734.44,15.93,2545,2495,7.53,0,,2790,2840,4.78,0,,1231.09,0.00,833.31,67.7,50% Profit Target,WIN
97,2018-05-04,2018-06-08,2018-05-15,35,2663.44,2711.45,2778.87,14.77,2575,2525,7.01,0,,2790,2840,4.43,0,,1143.23,0.00,630.74,55.2,50% Profit Target,WIN
98,2018-05-14,2018-06-15,2018-05-22,32,2730.47,2724.63,2779.42,12.93,2655,2605,6.79,0,,2840,2890,4.32,0,,1110.76,0.00,752.36,67.7,50% Profit Target,WIN
99,2018-05-21,2018-06-22,2018-05-24,32,2733.04,2727.74,2754.83,13.08,2660,2610,6.43,0,,2840,2890,4.01,0,,1044.10,0.00,558.76,53.5,50% Profit Target,WIN
101,2018-06-04,2018-07-06,2018-06-15,32,2746.87,2779.42,2759.70,12.74,2680,2630,6.46,0,,2845,2895,4.24,0,,1069.58,0.00,696.52,65.1,50% Profit Target,WIN
100,2018-05-24,2018-06-29,2018-06-19,36,2727.74,2762.57,2718.66,12.53,2665,2615,5.97,0,10 DTE Exit,2855,2905,3.53,1,10 DTE Exit,1326.39,-409.21,519.53,39.2,10 DTE Exit (Profitable),WIN
104,2018-06-25,2018-07-27,2018-06-27,32,2717.05,2699.74,2818.92,17.33,2645,2595,6.23,0,,2820,2870,4.09,0,,1031.77,0.00,688.50,66.7,50% Profit Target,WIN
103,2018-06-15,2018-07-20,2018-07-10,35,2779.42,2793.78,2801.92,11.98,2715,2665,6.23,0,PUT:Stop Loss,2880,2930,3.82,0,10 DTE Exit,1004.37,0.00,-1135.33,-113.0,10 DTE Exit (Cut Loss),LOSS
102,2018-06-11,2018-07-13,2018-07-13,32,2782.16,2801.22,2801.22,12.35,2655,2605,4.86,3,Expiration,2880,2930,3.85,0,Expiration,2531.05,-894.98,-23.95,-0.9,Expiration,LOSS
106,2018-07-09,2018-08-10,2018-07-23,32,2784.25,2806.97,2833.22,12.69,2720,2670,5.90,0,,2880,2930,3.76,0,,965.73,0.00,556.32,57.6,50% Profit Target,WIN
105,2018-07-02,2018-08-03,2018-07-24,32,2726.39,2820.25,2840.30,15.60,2675,2625,5.63,0,10 DTE Exit,2805,2855,3.84,0,CALL:Stop Loss,947.00,0.00,-510.75,-53.9,10 DTE Exit (Cut Loss),LOSS
107,2018-07-16,2018-08-17,2018-07-24,32,2798.43,2820.25,2850.11,12.83,2730,2680,6.37,0,,2900,2950,4.04,0,,1041.32,0.00,752.47,72.3,50% Profit Target,WIN
108,2018-07-23,2018-08-24,2018-07-24,32,2806.97,2820.25,2874.77,12.62,2740,2690,6.23,0,,2905,2955,4.11,0,,1033.69,0.00,546.48,52.9,50% Profit Target,WIN
109,2018-07-30,2018-08-31,2018-08-02,32,2802.69,2827.29,2901.19,14.26,2745,2695,6.03,0,,2890,2940,4.02,0,,1004.70,0.00,525.30,52.3,50% Profit Target,WIN
110,2018-08-02,2018-09-07,2018-08-08,36,2827.29,2857.74,2871.80,12.19,2770,2720,5.96,0,,2920,2970,3.73,0,,969.06,0.00,496.23,51.2,50% Profit Target,WIN
112,2018-08-20,2018-09-21,2018-08-24,32,2857.07,2874.77,2929.07,12.49,2800,2750,5.59,0,,2945,2995,3.57,0,,915.72,0.00,484.51,52.9,50% Profit Target,WIN
111,2018-08-13,2018-09-14,2018-09-14,32,2821.96,2905.04,2905.04,14.78,2775,2725,5.23,0,Expiration,2965,3015,2.90,3,Expiration,1860.99,-1103.09,-290.60,-15.6,Expiration,LOSS
114,2018-09-10,2018-10-12,2018-09-14,32,2877.28,2905.04,2766.91,14.16,2830,2780,5.11,0,,2955,3005,3.17,0,,827.79,0.00,533.16,64.4,50% Profit Target,WIN
113,2018-08-24,2018-09-28,2018-09-18,35,2874.77,2904.38,2913.92,11.99,2825,2775,5.50,0,10 DTE Exit,2990,3040,3.32,1,10 DTE Exit,1258.44,-517.02,363.01,28.8,10 DTE Exit (Profitable),WIN
116,2018-09-24,2018-10-26,2018-09-26,32,2919.36,2906.33,2658.39,12.20,2880,2830,5.36,0,,2990,3040,3.27,0,,862.56,0.00,440.04,51.0,50% Profit Target,WIN
115,2018-09-14,2018-10-19,2018-10-08,35,2905.04,2884.70,2767.58,12.07,2870,2820,4.53,0,PUT:Stop Loss,2970,3020,3.00,0,CALL:Stop Loss,753.16,0.00,-1584.98,-210.4,Both legs stopped out,LOSS
117,2018-10-01,2018-11-02,2018-10-23,32,2924.72,2740.66,2722.67,12.00,2890,2840,4.73,0,PUT:Stop Loss,2990,3040,2.82,0,10 DTE Exit,755.70,0.00,-735.05,-97.3,10 DTE Exit (Cut Loss),LOSS
118,2018-10-08,2018-11-09,2018-10-30,32,2884.70,2682.61,2781.13,15.69,2845,2795,5.23,0,PUT:Stop Loss,2955,3005,3.21,0,10 DTE Exit,843.25,0.00,-2092.94,-248.2,10 DTE Exit (Cut Loss),LOSS
119,2018-10-15,2018-11-16,2018-11-06,32,2750.78,2755.47,2736.36,21.30,2640,2590,7.50,0,PUT:Stop Loss,2900,2950,4.88,0,10 DTE Exit,1237.34,0.00,-1389.70,-112.3,10 DTE Exit (Cut Loss),LOSS
122,2018-11-05,2018-12-07,2018-11-12,32,2738.33,2726.32,2633.07,19.96,2565,2515,8.50,0,,2970,3020,5.14,0,,1364.77,0.00,700.72,51.3,50% Profit Target,WIN
120,2018-10-22,2018-11-23,2018-11-13,32,2755.84,2722.08,2632.56,19.64,2630,2580,7.82,0,PUT:Stop Loss,2925,2975,4.97,0,10 DTE Exit,1278.89,0.00,-1297.50,-101.5,10 DTE Exit (Cut Loss),LOSS
121,2018-10-29,2018-11-30,2018-11-20,32,2641.14,2641.71,2759.14,24.70,2490,2440,8.22,0,10 DTE Exit,2845,2895,4.95,0,CALL:Stop Loss,1317.17,0.00,-841.07,-63.9,10 DTE Exit (Cut Loss),LOSS
123,2018-11-12,2018-12-14,2018-11-26,32,2726.32,2673.58,2600.15,20.45,2565,2515,8.16,0,,2940,2990,5.04,0,,1319.97,0.00,684.26,51.8,50% Profit Target,WIN
124,2018-11-19,2018-12-21,2018-11-27,32,2690.80,2682.17,2416.54,20.10,2535,2485,7.95,0,,2895,2945,5.00,0,,1295.06,0.00,708.96,54.7,50% Profit Target,WIN
125,2018-11-26,2018-12-28,2018-12-18,32,2673.58,2546.07,2485.63,18.90,2545,2495,7.79,0,10 DTE Exit,2845,2895,4.95,0,CALL:Stop Loss,1273.57,0.00,-2629.57,-206.5,10 DTE Exit (Cut Loss),LOSS
126,2018-12-03,2019-01-04,2018-12-26,32,2790.32,2467.71,2531.84,16.44,2650,2600,7.74,0,PUT:Stop Loss,2975,3025,4.96,0,10 DTE Exit,1269.36,0.00,-1213.48,-95.6,10 DTE Exit (Cut Loss),LOSS
127,2018-12-10,2019-01-11,2019-01-02,32,2637.52,2509.97,2596.12,22.64,2485,2435,8.10,0,PUT:Stop Loss,2840,2890,4.99,0,10 DTE Exit,1308.82,0.00,-1403.65,-107.2,10 DTE Exit (Cut Loss),LOSS
128,2018-12-17,2019-01-18,2019-01-08,32,2546.02,2574.42,2672.18,24.52,2395,2345,8.00,0,VIX Exit,2745,2795,4.97,0,10 DTE Exit,1297.22,0.00,-956.43,-73.7,10 DTE Exit (Cut Loss),LOSS
129,2019-01-02,2019-02-01,2019-01-22,30,2509.97,2633.17,2706.24,23.22,2330,2280,8.76,0,,2755,2805,4.99,0,,1375.07,0.00,910.92,66.2,50% Profit Target,WIN
130,2019-01-07,2019-02-08,2019-01-22,32,2549.91,2633.17,2707.82,21.40,2345,2295,8.78,0,,2825,2875,5.09,0,,1387.43,0.00,916.20,66.0,50% Profit Target,WIN
131,2019-01-14,2019-02-15,2019-01-23,32,2582.28,2638.73,2775.59,19.07,2380,2330,8.80,0,,2855,2905,5.08,0,,1387.55,0.00,789.14,56.9,50% Profit Target,WIN
132,2019-01-22,2019-02-22,2019-01-25,31,2633.17,2663.59,2792.65,20.80,2445,2395,8.74,0,,2885,2935,5.16,0,,1389.67,0.00,1057.40,76.1,50% Profit Target,WIN
133,2019-01-25,2019-03-01,2019-02-04,35,2663.59,2724.86,2803.88,17.42,2535,2485,7.83,0,,2840,2890,4.83,0,,1266.47,0.00,1106.74,87.4,50% Profit Target,WIN
134,2019-02-04,2019-03-08,2019-02-20,32,2724.86,2784.91,2743.01,15.73,2645,2595,6.48,0,,2835,2885,4.40,0,,1087.41,0.00,662.70,60.9,50% Profit Target,WIN
136,2019-02-20,2019-03-22,2019-02-27,30,2784.91,2792.34,2800.75,14.02,2720,2670,6.32,0,,2880,2930,4.08,0,,1039.74,0.00,533.64,51.3,50% Profit Target,WIN
137,2019-02-25,2019-03-29,2019-02-28,32,2796.09,2784.59,2834.38,14.85,2725,2675,6.11,0,,2900,2950,3.87,0,,997.41,0.00,501.89,50.3,50% Profit Target,WIN
138,2019-02-28,2019-04-05,2019-03-04,36,2784.59,2792.98,2892.68,14.78,2725,2675,5.71,0,,2875,2925,3.94,0,,965.34,0.00,523.21,54.2,50% Profit Target,WIN
135,2019-02-11,2019-03-15,2019-03-05,32,2709.68,2789.65,2822.41,15.97,2625,2575,6.57,0,10 DTE Exit,2880,2930,3.91,1,10 DTE Exit,1494.12,-672.08,369.15,24.7,10 DTE Exit (Profitable),WIN
139,2019-03-11,2019-04-12,2019-04-02,32,2783.27,2867.28,2907.48,14.33,2715,2665,5.93,0,10 DTE Exit,2930,2980,3.64,2,10 DTE Exit,1700.52,-659.29,14.26,0.8,10 DTE Exit (Profitable),WIN
142,2019-04-01,2019-05-03,2019-04-08,32,2867.13,2895.69,2945.40,13.40,2780,2730,7.05,0,,2990,3040,4.59,0,,1163.67,0.00,703.09,60.4,50% Profit Target,WIN
140,2019-03-18,2019-04-19,2019-04-09,32,2833.03,2878.45,2907.12,13.10,2775,2725,5.63,0,10 DTE Exit,2955,3005,3.66,1,10 DTE Exit,1305.93,-510.31,273.51,20.9,10 DTE Exit (Profitable),WIN
143,2019-04-08,2019-05-10,2019-04-18,32,2895.69,2905.11,2881.60,13.18,2820,2770,6.22,0,,3005,3055,4.00,0,,1021.15,0.00,559.76,54.8,50% Profit Target,WIN
144,2019-04-15,2019-05-17,2019-04-22,32,2905.54,2907.99,2859.42,12.32,2830,2780,6.58,0,,3015,3065,4.28,0,,1086.18,0.00,962.37,88.6,50% Profit Target,WIN
145,2019-04-18,2019-05-24,2019-04-22,36,2905.11,2907.99,2826.39,12.09,2830,2780,6.39,0,,3015,3065,4.33,0,,1072.15,0.00,862.60,80.5,50% Profit Target,WIN
141,2019-03-25,2019-04-26,2019-04-26,32,2798.40,2939.76,2939.76,16.33,2720,2670,6.79,0,Expiration,2910,2960,4.47,0,CALL:Stop Loss,1125.74,0.00,-224.57,-19.9,Expiration,LOSS
146,2019-04-29,2019-05-31,2019-04-30,32,2943.00,2945.40,2752.02,13.11,2900,2850,4.74,0,,3015,3065,3.07,0,,781.18,0.00,505.07,64.7,50% Profit Target,WIN
147,2019-05-06,2019-06-07,2019-05-28,32,2932.58,2802.08,2873.19,15.44,2885,2835,5.20,0,PUT:Stop Loss,3010,3060,3.36,0,10 DTE Exit,856.76,0.00,-1333.97,-155.7,10 DTE Exit (Cut Loss),LOSS
148,2019-05-13,2019-06-14,2019-06-04,32,2811.85,2803.16,2887.01,20.55,2725,2675,6.78,0,10 DTE Exit,2935,2985,4.28,0,CALL:Stop Loss,1105.99,0.00,-1431.02,-129.4,10 DTE Exit (Cut Loss),LOSS
149,2019-05-20,2019-06-21,2019-06-14,32,2840.01,2887.01,2950.59,16.31,2665,2615,6.61,1,10 DTE Exit,2975,3025,4.65,0,10 DTE Exit,1822.10,-1020.80,38.05,2.1,10 DTE Exit (Profitable),WIN
152,2019-06-10,2019-07-12,2019-06-14,32,2886.43,2887.01,3013.67,15.94,2765,2715,7.76,0,,3050,3100,5.02,0,,1277.89,0.00,699.42,54.7,50% Profit Target,WIN
153,2019-06-14,2019-07-19,2019-06-25,35,2887.01,2917.45,2976.74,15.28,2785,2735,7.06,0,,3030,3080,4.52,0,,1158.10,0.00,646.86,55.9,50% Profit Target,WIN
150,2019-05-28,2019-06-28,2019-06-28,31,2802.08,2940.87,2940.87,17.50,2700,2650,6.91,0,Expiration,2940,2990,4.47,0,CALL:Stop Loss,1138.49,0.00,-352.88,-31.0,Expiration,LOSS
154,2019-06-24,2019-07-26,2019-07-01,32,2945.44,2964.41,3025.87,15.26,2855,2805,6.94,0,,3070,3120,4.70,0,,1163.74,0.00,750.11,64.5,50% Profit Target,WIN
155,2019-07-01,2019-08-02,2019-07-02,32,2964.41,2973.04,2932.06,14.06,2890,2840,6.62,0,,3075,3125,4.16,0,,1077.32,0.00,640.90,59.5,50% Profit Target,WIN
151,2019-06-03,2019-07-05,2019-07-05,32,2744.20,2990.49,2990.49,18.86,2645,2595,6.92,0,Expiration,2880,2930,4.43,0,CALL:Stop Loss,1135.68,0.00,-319.28,-28.1,Expiration,LOSS
156,2019-07-08,2019-08-09,2019-07-17,32,2975.99,2984.40,2918.82,13.96,2920,2870,5.70,0,,3065,3115,3.54,0,,923.69,0.00,489.78,53.0,50% Profit Target,WIN
157,2019-07-15,2019-08-16,2019-08-06,32,3014.27,2881.83,2888.81,12.68,2890,2840,5.05,3,PUT:Stop Loss,3100,3150,3.71,0,10 DTE Exit,2465.10,-1201.41,-3825.56,-155.2,10 DTE Exit (Cut Loss),LOSS
158,2019-07-22,2019-08-23,2019-08-13,32,2985.06,2922.56,2847.48,13.53,2880,2830,5.38,2,PUT:Stop Loss,3105,3155,3.55,1,10 DTE Exit,2327.77,-1334.20,-3574.78,-153.6,10 DTE Exit (Cut Loss),LOSS
159,2019-07-29,2019-08-30,2019-08-20,32,3020.89,2900.81,2925.65,12.83,2965,2915,5.34,0,PUT:Stop Loss,3105,3155,3.76,0,10 DTE Exit,909.09,0.00,-972.47,-107.0,10 DTE Exit (Cut Loss),LOSS
160,2019-08-05,2019-09-06,2019-08-27,32,2844.74,2868.82,2978.73,24.59,2745,2695,6.92,0,10 DTE Exit,2980,3030,4.56,0,CALL:Stop Loss,1148.10,0.00,-1070.09,-93.2,10 DTE Exit (Cut Loss),LOSS
161,2019-08-12,2019-09-13,2019-09-03,32,2882.36,2906.35,3007.11,21.09,2760,2710,7.61,0,,3050,3100,4.71,0,,1231.10,0.00,835.19,67.8,50% Profit Target,WIN
162,2019-08-19,2019-09-20,2019-09-03,32,2923.52,2906.35,2991.68,16.88,2765,2715,8.32,0,,3135,3185,5.19,0,,1350.72,0.00,736.78,54.5,50% Profit Target,WIN
163,2019-08-26,2019-09-27,2019-09-03,32,2878.68,2906.35,2961.97,19.32,2705,2655,8.35,0,,3110,3160,5.10,0,,1345.75,0.00,680.34,50.6,50% Profit Target,WIN
164,2019-09-03,2019-10-04,2019-09-12,31,2906.35,3009.70,2951.78,19.66,2750,2700,7.94,0,,3110,3160,5.09,0,,1303.60,0.00,665.92,51.1,50% Profit Target,WIN
165,2019-09-09,2019-10-11,2019-09-12,32,2978.47,3009.70,2970.00,15.27,2825,2775,8.04,0,,3185,3235,4.94,0,,1297.68,0.00,775.42,59.8,50% Profit Target,WIN
166,2019-09-12,2019-10-18,2019-09-20,36,3009.70,2991.68,2986.12,14.22,2885,2835,7.41,0,,3180,3230,4.81,0,,1222.22,0.00,614.40,50.3,50% Profit Target,WIN
167,2019-09-20,2019-10-25,2019-09-23,35,2991.68,2991.77,3022.27,15.32,2885,2835,7.47,0,,3140,3190,4.93,0,,1240.15,0.00,926.02,74.7,50% Profit Target,WIN
168,2019-09-30,2019-11-01,2019-10-22,32,2976.73,2996.15,3066.89,16.24,2915,2865,6.15,0,PUT:Stop Loss,3070,3120,4.10,0,10 DTE Exit,1024.40,0.00,-2232.20,-217.9,10 DTE Exit (Cut Loss),LOSS
169,2019-10-07,2019-11-08,2019-10-29,32,2938.63,3036.78,3092.97,17.86,2855,2805,6.90,0,10 DTE Exit,3115,3165,4.07,1,10 DTE Exit,1528.95,-741.65,58.48,3.8,10 DTE Exit (Profitable),WIN
170,2019-10-14,2019-11-15,2019-10-30,32,2966.18,3046.93,3120.35,14.57,2860,2810,7.00,0,,3110,3160,4.60,0,,1160.06,0.00,835.14,72.0,50% Profit Target,WIN
171,2019-10-21,2019-11-22,2019-10-30,32,3006.71,3046.93,3110.18,14.00,2895,2845,7.28,0,,3160,3210,4.64,0,,1191.77,0.00,945.97,79.4,50% Profit Target,WIN
172,2019-10-28,2019-11-29,2019-10-30,32,3039.33,3046.93,3140.98,13.11,2930,2880,7.14,0,,3185,3235,4.87,0,,1200.18,0.00,727.13,60.6,50% Profit Target,WIN
173,2019-11-04,2019-12-06,2019-11-05,32,3078.35,3074.75,3145.88,12.83,3005,2955,6.67,0,,3190,3240,4.10,0,,1077.04,0.00,649.04,60.3,50% Profit Target,WIN
174,2019-11-11,2019-12-13,2019-11-13,32,3087.02,3093.91,3168.74,12.69,3040,2990,4.84,0,,3160,3210,3.64,0,,848.24,0.00,487.99,57.5,50% Profit Target,WIN
176,2019-11-25,2019-12-27,2019-12-13,32,3133.55,3168.74,3239.97,11.87,3075,3025,4.47,1,PUT:Stop Loss,3200,3250,3.40,0,CALL:Stop Loss,1265.00,-338.73,-2215.40,-175.1,Both legs stopped out,LOSS
175,2019-11-18,2019-12-20,2019-12-20,32,3121.83,3221.18,3221.18,12.46,3060,3010,4.65,2,10 DTE Exit,3210,3260,2.81,1,CALL:Stop Loss,1979.39,-945.34,-1785.23,-90.2,10 DTE Exit (Cut Loss),LOSS
180,2019-12-20,2020-01-24,2019-12-30,35,3221.18,3221.40,3295.42,12.51,3160,3110,6.03,0,,3320,3370,3.88,0,,991.27,0.00,536.76,54.1,50% Profit Target,WIN
181,2019-12-30,2020-01-31,2020-01-02,32,3221.40,3257.98,3225.04,14.82,3160,3110,5.62,0,,3315,3365,3.79,0,,940.43,0.00,546.14,58.1,50% Profit Target,WIN
177,2019-12-02,2020-01-03,2020-01-03,32,3114.22,3234.57,3234.57,14.91,3075,3025,5.34,0,Expiration,3185,3235,3.42,0,CALL:Stop Loss,875.65,0.00,-249.52,-28.5,Expiration,LOSS
179,2019-12-16,2020-01-17,2020-01-07,32,3191.41,3237.18,3329.37,12.14,3130,3080,5.77,0,10 DTE Exit,3315,3365,3.35,1,10 DTE Exit,1300.05,-394.59,497.48,38.3,10 DTE Exit (Profitable),WIN
178,2019-12-09,2020-01-10,2020-01-10,32,3135.95,3265.34,3265.34,15.86,3080,3030,5.59,0,Expiration,3225,3275,3.58,0,CALL:Stop Loss,916.87,0.00,-384.35,-41.9,Expiration,LOSS
182,2020-01-02,2020-02-07,2020-01-28,36,3257.98,3276.21,3327.66,12.47,3210,3160,5.76,0,10 DTE Exit,3345,3395,3.54,0,CALL:Stop Loss,930.00,0.00,-836.65,-90.0,10 DTE Exit (Cut Loss),LOSS
183,2020-01-13,2020-02-14,2020-02-04,32,3288.05,3297.64,3380.03,12.32,3235,3185,5.52,0,PUT:Stop Loss,3410,3460,3.75,1,10 DTE Exit,1282.90,-557.32,-1546.37,-120.5,10 DTE Exit (Cut Loss),LOSS
186,2020-02-10,2020-03-13,2020-02-20,32,3352.13,3373.00,2708.62,15.04,3235,3185,7.24,0,,3510,3560,4.88,0,,1212.01,0.00,697.43,57.5,50% Profit Target,WIN
184,2020-01-27,2020-02-28,2020-02-24,32,3243.36,3225.95,2954.21,18.23,3165,3115,6.65,0,10 DTE Exit,3360,3410,4.24,0,CALL:Stop Loss,1089.23,0.00,-876.88,-80.5,10 DTE Exit (Cut Loss),LOSS
185,2020-02-03,2020-03-06,2020-02-25,32,3248.82,3128.44,2972.44,17.97,3150,3100,6.87,0,PUT:Stop Loss,3385,3435,4.63,0,CALL:Stop Loss,1150.44,0.00,-2967.96,-258.0,10 DTE Exit (Cut Loss),LOSS
187,2020-02-20,2020-03-27,2020-03-17,36,3373.00,2528.96,2541.45,15.56,3255,3205,7.70,0,PUT:Stop Loss,3540,3590,5.02,0,10 DTE Exit,1272.30,0.00,-1315.14,-103.4,10 DTE Exit (Cut Loss),LOSS
188,2020-07-20,2020-08-21,2020-07-27,32,3251.84,3239.51,3397.24,24.46,3090,3040,8.24,0,,3470,3520,5.12,0,,1335.78,0.00,901.73,67.5,50% Profit Target,WIN
190,2020-08-03,2020-09-04,2020-08-10,32,3294.62,3360.59,3426.86,24.28,3185,3135,7.26,0,,3445,3495,4.82,0,,1208.26,0.00,688.78,57.0,50% Profit Target,WIN
189,2020-07-27,2020-08-28,2020-08-18,32,3239.51,3389.79,3507.95,24.74,3125,3075,7.60,0,10 DTE Exit,3460,3510,4.57,1,10 DTE Exit,1695.80,-716.04,333.73,19.7,10 DTE Exit (Profitable),WIN
191,2020-08-10,2020-09-11,2020-08-20,32,3360.59,3385.56,3340.90,22.13,3270,3220,6.65,0,,3490,3540,4.36,0,,1100.77,0.00,758.37,68.9,50% Profit Target,WIN
192,2020-08-17,2020-09-18,2020-08-21,32,3382.09,3397.24,3319.28,21.35,3290,3240,6.86,0,,3515,3565,4.42,0,,1128.14,0.00,623.54,55.3,50% Profit Target,WIN
193,2020-08-20,2020-09-25,2020-09-03,36,3385.56,3454.89,3298.48,22.72,3300,3250,6.67,0,VIX Exit,3515,3565,4.27,0,CALL:Stop Loss,1093.81,0.00,-906.18,-82.8,Both legs stopped out,LOSS
194,2020-11-16,2020-12-18,2020-11-25,32,3627.12,3629.68,3709.83,22.45,3415,3365,8.50,0,,3910,3960,5.21,0,,1370.53,0.00,942.79,68.8,50% Profit Target,WIN
195,2020-11-23,2020-12-25,2020-11-25,32,3577.72,3629.68,3687.27,22.66,3375,3325,8.59,0,,3850,3900,5.25,0,,1383.72,0.00,701.22,50.7,50% Profit Target,WIN
196,2020-11-30,2021-01-01,2020-12-04,32,3621.82,3699.13,3727.04,20.57,3475,3425,8.07,0,,3825,3875,5.03,0,,1310.62,0.00,688.02,52.5,50% Profit Target,WIN
197,2020-12-04,2021-01-08,2020-12-14,35,3699.13,3647.33,3824.68,20.79,3575,3525,7.49,0,,3875,3925,4.85,0,,1234.11,0.00,720.83,58.4,50% Profit Target,WIN
198,2020-12-14,2021-01-15,2020-12-21,32,3647.33,3694.94,3768.25,24.72,3545,3495,7.19,0,,3795,3845,4.62,0,,1180.91,0.00,831.10,70.4,50% Profit Target,WIN
199,2020-12-28,2021-01-29,2021-01-04,32,3735.36,3700.65,3714.04,21.70,3655,3605,6.76,0,,3855,3905,4.62,0,,1138.85,0.00,656.36,57.6,50% Profit Target,WIN
200,2021-01-11,2021-02-12,2021-01-25,32,3799.61,3855.34,3934.99,24.08,3695,3645,7.19,0,,3950,4000,4.69,0,,1188.28,0.00,846.64,71.2,50% Profit Target,WIN
201,2021-01-25,2021-02-26,2021-02-16,32,3855.34,3932.48,3810.84,23.19,3745,3695,7.27,0,VIX Exit,4010,4060,4.92,0,10 DTE Exit,1218.32,0.00,-1887.25,-154.9,10 DTE Exit (Cut Loss),LOSS
202,2021-02-08,2021-03-12,2021-02-18,32,3915.58,3914.03,3943.32,21.24,3745,3695,8.12,0,,4145,4195,5.23,0,,1334.48,0.00,697.94,52.3,50% Profit Target,WIN
203,2021-02-16,2021-03-19,2021-03-01,31,3932.48,3901.75,3912.81,21.46,3770,3720,8.03,0,,4150,4200,5.24,0,,1327.16,0.00,677.05,51.0,50% Profit Target,WIN
204,2021-02-18,2021-03-26,2021-03-11,36,3914.03,3939.27,3974.52,22.49,3750,3700,8.14,0,,4140,4190,5.28,0,,1341.60,0.00,780.68,58.2,50% Profit Target,WIN
205,2021-03-01,2021-04-02,2021-03-18,32,3901.75,3915.50,3958.88,23.35,3740,3690,7.98,0,,4120,4170,5.16,0,,1314.62,0.00,694.29,52.8,50% Profit Target,WIN
206,2021-03-11,2021-04-16,2021-03-25,36,3939.27,3909.73,4185.64,21.91,3740,3690,8.40,0,,4210,4260,5.30,0,,1369.79,0.00,757.37,55.3,50% Profit Target,WIN
207,2021-03-18,2021-04-23,2021-03-25,36,3915.50,3909.73,4180.20,21.58,3710,3660,8.55,0,,4195,4245,5.36,0,,1390.94,0.00,706.71,50.8,50% Profit Target,WIN
209,2021-04-05,2021-05-07,2021-04-19,32,4077.78,4163.64,4232.43,17.91,3945,3895,7.74,0,,4265,4315,4.96,0,,1270.40,0.00,791.12,62.3,50% Profit Target,WIN
210,2021-04-12,2021-05-14,2021-04-20,32,4128.10,4134.96,4173.74,16.91,4005,3955,7.41,0,,4300,4350,4.98,0,,1239.08,0.00,648.08,52.3,50% Profit Target,WIN
211,2021-04-19,2021-05-21,2021-04-29,32,4163.64,4211.60,4156.08,17.29,4050,4000,7.13,0,,4325,4375,4.77,0,,1189.86,0.00,676.93,56.9,50% Profit Target,WIN
208,2021-03-25,2021-04-30,2021-04-30,36,3909.73,4181.21,4181.21,19.81,3730,3680,8.22,0,Expiration,4155,4205,5.27,0,CALL:Stop Loss,1349.46,0.00,-449.54,-33.3,Expiration,LOSS
212,2021-04-26,2021-05-28,2021-05-03,32,4187.74,4192.65,4204.32,17.64,4080,4030,7.39,0,,4345,4395,4.86,0,,1225.11,0.00,627.30,51.2,50% Profit Target,WIN
213,2021-04-29,2021-06-04,2021-05-25,36,4211.60,4188.17,4229.99,17.61,4095,4045,7.21,0,PUT:Stop Loss,4380,4430,4.92,0,10 DTE Exit,1213.45,0.00,-1470.36,-121.2,10 DTE Exit (Cut Loss),LOSS
214,2021-05-10,2021-06-11,2021-06-01,32,4188.51,4202.03,4247.47,19.66,4075,4025,7.35,0,PUT:Stop Loss,4350,4400,4.95,0,10 DTE Exit,1230.30,0.00,-1429.76,-116.2,10 DTE Exit (Cut Loss),LOSS
215,2021-05-17,2021-06-18,2021-06-01,32,4163.29,4202.03,4166.38,19.72,4005,3955,7.87,0,,4375,4425,5.31,0,,1318.26,0.00,875.82,66.4,50% Profit Target,WIN
216,2021-05-24,2021-06-25,2021-06-04,32,4197.16,4229.99,4280.79,18.40,4040,3990,7.83,0,,4410,4460,5.17,0,,1299.85,0.00,676.52,52.0,50% Profit Target,WIN
217,2021-06-01,2021-07-02,2021-06-10,31,4202.03,4239.33,4352.45,17.90,4055,4005,7.95,0,,4405,4455,5.14,0,,1309.04,0.00,1115.33,85.2,50% Profit Target,WIN
218,2021-06-04,2021-07-09,2021-06-10,35,4229.99,4239.33,4369.50,16.42,4075,4025,8.04,0,,4445,4495,5.33,0,,1336.88,0.00,1027.53,76.9,50% Profit Target,WIN
219,2021-06-10,2021-07-16,2021-06-14,36,4239.33,4255.20,4327.09,16.10,4135,4085,7.23,0,,4395,4445,4.93,0,,1216.23,0.00,779.60,64.1,50% Profit Target,WIN
221,2021-06-28,2021-07-30,2021-07-20,32,4290.57,4323.20,4395.29,15.76,4200,4150,6.95,0,10 DTE Exit,4495,4545,4.60,1,10 DTE Exit,1603.14,-848.89,166.09,10.4,10 DTE Exit (Profitable),WIN
220,2021-06-21,2021-07-23,2021-07-23,32,4224.70,4411.81,4411.81,17.89,4130,4080,6.78,0,Expiration,4465,4515,4.34,2,Expiration,2002.15,-1267.87,-155.71,-7.8,Expiration,LOSS
222,2021-07-12,2021-08-13,2021-08-03,32,4384.75,4423.31,4468.09,16.17,4280,4230,7.40,0,PUT:Stop Loss,4540,4590,4.90,0,10 DTE Exit,1230.00,0.00,-1684.88,-137.0,10 DTE Exit (Cut Loss),LOSS
224,2021-07-26,2021-08-27,2021-08-09,32,4422.22,4432.41,4509.38,17.58,4295,4245,7.58,0,,4600,4650,5.19,0,,1277.47,0.00,753.86,59.0,50% Profit Target,WIN
225,2021-08-02,2021-09-03,2021-08-16,32,4387.11,4479.66,4535.54,19.46,4260,4210,7.69,0,,4570,4620,4.96,0,,1264.84,0.00,1098.75,86.9,50% Profit Target,WIN
226,2021-08-09,2021-09-10,2021-08-16,32,4432.41,4479.66,4458.55,16.72,4310,4260,7.52,0,,4605,4655,5.14,0,,1266.45,0.00,1017.21,80.3,50% Profit Target,WIN
223,2021-07-19,2021-08-20,2021-08-20,32,4258.80,4441.62,4441.62,22.50,4145,4095,7.48,0,Expiration,4425,4475,4.83,0,CALL:Stop Loss,1230.21,0.00,-225.29,-18.3,Expiration,LOSS
227,2021-08-16,2021-09-17,2021-09-07,32,4479.66,4520.14,4432.70,16.12,4395,4345,7.00,0,PUT:Stop Loss,4615,4665,4.47,0,10 DTE Exit,1147.93,0.00,-1329.03,-115.8,10 DTE Exit (Cut Loss),LOSS
228,2021-08-23,2021-09-24,2021-09-07,32,4479.51,4520.14,4455.57,17.15,4390,4340,6.81,0,,4615,4665,4.69,0,,1150.34,0.00,764.41,66.5,50% Profit Target,WIN
229,2021-08-30,2021-10-01,2021-09-07,32,4528.76,4520.14,4357.09,16.19,4435,4385,6.80,0,,4670,4720,4.62,0,,1142.03,0.00,571.79,50.1,50% Profit Target,WIN
230,2021-09-07,2021-10-08,2021-09-28,31,4520.14,4352.61,4391.42,18.14,4355,4305,6.55,1,PUT:Stop Loss,4650,4700,4.45,0,10 DTE Exit,1754.07,-1188.80,-2866.27,-163.4,10 DTE Exit (Cut Loss),LOSS
231,2021-09-13,2021-10-15,2021-10-05,32,4468.75,4345.70,4471.48,19.37,4375,4325,6.81,0,PUT:Stop Loss,4610,4660,4.59,0,10 DTE Exit,1140.15,0.00,-1869.16,-163.9,10 DTE Exit (Cut Loss),LOSS
232,2021-09-27,2021-10-29,2021-10-19,32,4443.18,4519.76,4605.36,18.76,4325,4275,7.27,0,PUT:Stop Loss,4610,4660,5.01,0,10 DTE Exit,1227.62,0.00,-1829.58,-149.0,10 DTE Exit (Cut Loss),LOSS
235,2021-10-18,2021-11-19,2021-10-26,32,4486.39,4574.67,4697.98,16.31,4315,4265,8.13,0,,4720,4770,5.31,0,,1343.62,0.00,704.63,52.4,50% Profit Target,WIN
236,2021-10-25,2021-11-26,2021-10-28,32,4566.92,4596.36,4594.62,15.24,4400,4350,8.05,0,,4795,4845,5.30,0,,1335.39,0.00,808.42,60.5,50% Profit Target,WIN
237,2021-10-28,2021-12-03,2021-11-01,36,4596.36,4613.67,4538.42,16.53,4465,4415,7.80,0,,4790,4840,5.12,0,,1292.04,0.00,733.20,56.7,50% Profit Target,WIN
233,2021-10-04,2021-11-05,2021-11-05,32,4300.48,4697.60,4697.60,22.96,4145,4095,8.11,0,Expiration,4515,4565,5.29,0,CALL:Stop Loss,1340.11,0.00,-521.82,-38.9,Expiration,LOSS
234,2021-10-11,2021-11-12,2021-11-12,32,4361.05,4682.82,4682.82,20.00,4185,4135,8.00,0,Expiration,4595,4645,5.37,0,CALL:Stop Loss,1336.16,0.00,-353.72,-26.5,Expiration,LOSS
238,2021-11-08,2021-12-10,2021-11-16,32,4701.72,4701.16,4712.05,17.22,4620,4570,6.47,0,,4830,4880,4.47,0,,1093.50,0.00,667.88,61.1,50% Profit Target,WIN
239,2021-11-15,2021-12-17,2021-11-22,32,4682.88,4682.93,4620.55,16.49,4610,4560,6.63,0,,4805,4855,4.33,0,,1096.21,0.00,650.23,59.3,50% Profit Target,WIN
240,2021-11-22,2021-12-24,2021-12-14,32,4682.93,4634.30,4649.24,19.17,4610,4560,6.70,0,PUT:Stop Loss,4805,4855,4.40,0,10 DTE Exit,1110.85,0.00,-1704.04,-153.4,10 DTE Exit (Cut Loss),LOSS
241,2021-11-29,2021-12-31,2021-12-21,32,4655.12,4649.24,4766.24,22.96,4525,4475,7.74,0,VIX Exit,4840,4890,5.22,0,10 DTE Exit,1296.10,0.00,-1360.04,-104.9,10 DTE Exit (Cut Loss),LOSS
242,2021-12-13,2022-01-14,2021-12-30,32,4669.21,4778.81,4662.82,20.31,4460,4410,8.56,0,,4955,5005,5.37,0,,1393.29,0.00,769.99,55.3,50% Profit Target,WIN
244,2021-12-27,2022-01-28,2022-01-03,32,4791.33,4796.59,4432.00,17.68,4550,4500,8.82,0,,5115,5165,5.59,0,,1440.75,0.00,799.32,55.5,50% Profit Target,WIN
245,2021-12-30,2022-02-04,2022-01-13,36,4778.81,4659.25,4500.61,17.33,4560,4510,8.59,0,,5080,5130,5.47,0,,1406.31,0.00,768.68,54.7,50% Profit Target,WIN
243,2021-12-20,2022-01-21,2022-01-21,32,4568.18,4397.73,4397.73,22.87,4335,4285,8.52,0,Expiration,4875,4925,5.53,0,CALL:Stop Loss,1405.44,0.00,-291.62,-20.7,Expiration,LOSS
246,2022-01-10,2022-02-11,2022-02-01,32,4670.29,4546.35,4418.49,19.40,4485,4435,8.24,0,PUT:Stop Loss,4920,4970,5.45,0,10 DTE Exit,1369.35,0.00,-1753.13,-128.0,10 DTE Exit (Cut Loss),LOSS
247,2022-01-13,2022-02-18,2022-02-08,36,4659.25,4521.48,4348.97,20.31,4470,4420,8.22,0,PUT:Stop Loss,4920,4970,5.38,0,10 DTE Exit,1360.89,0.00,-1511.61,-111.1,10 DTE Exit (Cut Loss),LOSS
248,2022-01-31,2022-03-04,2022-02-22,32,4515.45,4304.66,4328.87,24.83,4295,4245,8.43,0,10 DTE Exit,4810,4860,5.35,0,10 DTE Exit,1378.00,0.00,-1133.46,-82.3,10 DTE Exit (Cut Loss),LOSS
249,2022-02-07,2022-03-11,2022-03-01,32,4483.92,4306.19,4204.36,22.86,4250,4200,8.62,0,VIX Exit,4795,4845,5.46,0,10 DTE Exit,1408.12,0.00,-1067.91,-75.8,10 DTE Exit (Cut Loss),LOSS
250,2022-03-21,2022-04-22,2022-03-31,32,4461.18,4530.50,4271.94,23.53,4170,4120,9.18,0,,4850,4900,5.59,0,,1476.96,0.00,786.13,53.2,50% Profit Target,WIN
251,2022-03-28,2022-04-29,2022-04-04,32,4575.49,4582.62,4131.76,19.63,4295,4245,8.94,0,,4945,4995,5.61,0,,1455.35,0.00,796.88,54.8,50% Profit Target,WIN
252,2022-03-31,2022-05-06,2022-04-05,36,4530.50,4525.33,4123.67,20.56,4245,4195,9.07,0,,4920,4970,5.47,0,,1454.12,0.00,742.31,51.0,50% Profit Target,WIN
253,2022-04-11,2022-05-13,2022-04-18,32,4412.83,4391.81,4023.86,24.37,4195,4145,8.46,0,,4700,4750,5.51,0,,1396.33,0.00,741.86,53.1,50% Profit Target,WIN
254,2022-04-18,2022-05-20,2022-05-10,32,4391.81,4000.99,3901.37,22.17,4210,4160,8.08,0,VIX Exit,4635,4685,5.33,0,10 DTE Exit,1340.70,0.00,-1188.28,-88.6,10 DTE Exit (Cut Loss),LOSS
256,2022-08-01,2022-09-02,2022-08-19,32,4118.62,4228.37,3924.41,22.84,3915,3865,8.45,0,,4390,4440,5.39,0,,1384.45,0.00,927.19,67.0,50% Profit Target,WIN
257,2022-08-08,2022-09-09,2022-08-19,32,4140.05,4228.37,4067.41,21.29,3940,3890,8.55,0,,4410,4460,5.38,0,,1393.36,0.00,700.28,50.3,50% Profit Target,WIN
255,2022-07-25,2022-08-26,2022-08-26,32,3966.72,4057.74,4057.74,23.36,3780,3730,8.21,0,Expiration,4215,4265,5.30,0,CALL:Stop Loss,1350.85,0.00,-324.97,-24.1,Expiration,LOSS
258,2022-08-15,2022-09-16,2022-09-06,32,4297.14,3908.55,3873.44,19.95,4095,4045,8.44,0,PUT:Stop Loss,4570,4620,5.32,0,10 DTE Exit,1375.40,0.00,-1175.74,-85.5,10 DTE Exit (Cut Loss),LOSS
259,2022-08-19,2022-09-23,2022-09-13,35,4228.37,3932.63,3693.49,20.60,4035,3985,8.45,0,PUT:Stop Loss,4495,4545,5.31,0,10 DTE Exit,1375.81,0.00,-1453.37,-105.6,10 DTE Exit (Cut Loss),LOSS
260,2022-09-12,2022-10-14,2022-10-04,32,4110.69,3791.05,3584.01,23.87,3895,3845,8.59,0,PUT:Stop Loss,4400,4450,5.35,0,10 DTE Exit,1393.55,0.00,-1296.34,-93.0,10 DTE Exit (Cut Loss),LOSS
261,2022-11-07,2022-12-09,2022-11-28,32,3807.13,3964.02,3934.29,24.35,3560,3510,8.96,0,,4135,4185,5.51,0,,1447.27,0.00,778.99,53.8,50% Profit Target,WIN
262,2022-11-14,2022-12-16,2022-11-28,32,3957.53,3964.02,3852.13,23.73,3665,3615,9.28,0,,4355,4405,5.37,0,,1464.44,0.00,960.58,65.6,50% Profit Target,WIN
263,2022-11-21,2022-12-23,2022-11-30,32,3949.99,4079.64,3844.88,22.36,3670,3620,9.14,0,,4325,4375,5.45,0,,1458.75,0.00,733.39,50.3,50% Profit Target,WIN
264,2022-11-28,2022-12-30,2022-12-09,32,3964.02,3934.29,3839.53,22.21,3695,3645,9.15,0,,4325,4375,5.48,0,,1462.99,0.00,1220.55,83.4,50% Profit Target,WIN
265,2022-12-05,2023-01-06,2022-12-09,32,3998.82,3934.29,3895.00,20.75,3725,3675,9.15,0,,4365,4415,5.52,0,,1467.00,0.00,985.33,67.2,50% Profit Target,WIN
267,2022-12-19,2023-01-20,2022-12-29,32,3817.47,3849.14,3972.35,22.42,3615,3565,8.40,0,,4085,4135,5.35,0,,1374.90,0.00,827.65,60.2,50% Profit Target,WIN
266,2022-12-09,2023-01-13,2023-01-03,35,3934.29,3823.94,3999.03,22.83,3745,3695,8.27,0,,4190,4240,5.29,0,,1356.02,0.00,840.98,62.0,50% Profit Target,WIN
268,2022-12-29,2023-02-03,2023-01-18,36,3849.14,3928.75,4136.42,21.44,3655,3605,8.29,0,,4110,4160,5.33,0,,1362.12,0.00,980.98,72.0,50% Profit Target,WIN
269,2023-01-09,2023-02-10,2023-01-18,32,3892.10,3928.75,4090.48,21.97,3695,3645,8.29,0,,4150,4200,5.42,0,,1371.15,0.00,867.14,63.2,50% Profit Target,WIN
271,2023-01-23,2023-02-24,2023-01-30,32,4019.65,4017.90,3970.05,19.81,3835,3785,8.33,0,,4270,4320,5.23,0,,1355.72,0.00,707.45,52.2,50% Profit Target,WIN
270,2023-01-18,2023-02-17,2023-02-07,30,3928.75,4164.03,4079.23,20.34,3760,3710,8.09,0,10 DTE Exit,4155,4205,5.15,0,CALL:Stop Loss,1323.31,0.00,-829.92,-62.7,10 DTE Exit (Cut Loss),LOSS
272,2023-01-30,2023-03-03,2023-02-21,32,4017.90,3997.39,4045.48,19.94,3850,3800,8.02,0,10 DTE Exit,4240,4290,5.38,0,CALL:Stop Loss,1339.65,0.00,-935.26,-69.8,10 DTE Exit (Cut Loss),LOSS
273,2023-02-06,2023-03-10,2023-02-28,32,4110.98,3969.69,3861.73,19.43,3945,3895,8.06,0,10 DTE Exit,4335,4385,5.26,0,10 DTE Exit,1332.22,0.00,115.28,8.7,10 DTE Exit (Profitable),WIN
275,2023-02-21,2023-03-24,2023-03-02,31,3997.39,3981.54,3971.18,22.87,3830,3780,8.21,0,,4225,4275,5.21,0,,1341.99,0.00,735.52,54.8,50% Profit Target,WIN
274,2023-02-13,2023-03-17,2023-03-06,32,4137.40,4048.39,3916.64,20.34,3955,3905,8.26,0,,4385,4435,5.22,0,,1348.69,0.00,904.79,67.1,50% Profit Target,WIN
276,2023-02-27,2023-03-31,2023-03-07,32,3982.35,3986.44,4108.93,20.95,3810,3760,8.05,0,,4215,4265,5.14,0,,1319.26,0.00,772.48,58.6,50% Profit Target,WIN
277,2023-03-02,2023-04-07,2023-03-22,36,3981.54,3936.82,4100.68,19.59,3825,3775,8.16,0,,4200,4250,5.28,0,,1343.91,0.00,838.14,62.4,50% Profit Target,WIN
278,2023-03-20,2023-04-21,2023-04-06,32,3951.55,4104.99,4133.52,24.15,3765,3715,8.22,0,,4200,4250,5.28,0,,1350.89,0.00,711.99,52.7,50% Profit Target,WIN
279,2023-03-27,2023-04-28,2023-04-10,32,3977.75,4109.13,4169.58,20.60,3795,3745,8.46,0,,4225,4275,5.37,0,,1383.04,0.00,863.55,62.4,50% Profit Target,WIN
280,2023-04-03,2023-05-05,2023-04-10,32,4124.41,4109.13,4136.37,18.55,3930,3880,8.48,0,,4385,4435,5.43,0,,1391.04,0.00,781.22,56.2,50% Profit Target,WIN
281,2023-04-06,2023-05-12,2023-04-12,36,4104.99,4092.12,4124.12,18.40,3925,3875,8.07,0,,4350,4400,5.24,0,,1330.97,0.00,695.17,52.2,50% Profit Target,WIN
282,2023-04-17,2023-05-19,2023-04-20,32,4151.40,4129.96,4191.91,16.95,4025,3975,7.59,0,,4330,4380,4.96,0,,1255.53,0.00,721.41,57.5,50% Profit Target,WIN
283,2023-04-20,2023-05-26,2023-05-15,36,4129.96,4136.55,4205.46,17.17,4030,3980,7.12,0,,4280,4330,4.83,0,,1195.46,0.00,623.00,52.1,50% Profit Target,WIN
284,2023-05-01,2023-06-02,2023-05-22,32,4167.59,4192.68,4282.17,16.08,4045,3995,7.35,0,,4340,4390,4.88,0,,1222.55,0.00,784.36,64.2,50% Profit Target,WIN
285,2023-05-08,2023-06-09,2023-05-22,32,4138.12,4192.68,4298.95,16.98,3990,3940,8.01,0,,4345,4395,5.09,0,,1309.57,0.00,675.20,51.6,50% Profit Target,WIN
286,2023-05-15,2023-06-16,2023-05-25,32,4136.55,4151.31,4409.80,17.12,3995,3945,7.80,0,,4330,4380,5.23,0,,1303.07,0.00,719.23,55.2,50% Profit Target,WIN
287,2023-05-22,2023-06-23,2023-05-30,32,4192.68,4205.59,4348.38,17.21,4035,3985,7.85,0,,4405,4455,5.24,0,,1308.81,0.00,714.05,54.6,50% Profit Target,WIN
290,2023-06-12,2023-07-14,2023-06-22,32,4339.08,4381.84,4505.70,15.01,4210,4160,7.61,0,,4520,4570,5.10,0,,1270.99,0.00,733.09,57.7,50% Profit Target,WIN
289,2023-06-05,2023-07-07,2023-06-27,32,4273.76,4378.33,4399.04,14.73,4150,4100,7.69,0,10 DTE Exit,4450,4500,5.08,0,CALL:Stop Loss,1277.42,0.00,-851.11,-66.6,10 DTE Exit (Cut Loss),LOSS
288,2023-05-25,2023-06-30,2023-06-30,36,4151.31,4450.16,4450.16,19.14,4010,3960,7.69,0,Expiration,4350,4400,5.11,0,CALL:Stop Loss,1280.39,0.00,-309.74,-24.2,Expiration,LOSS
291,2023-06-22,2023-07-28,2023-07-05,36,4381.84,4446.83,4582.14,12.91,4255,4205,7.43,0,,4565,4615,4.99,0,,1241.75,0.00,667.44,53.7,50% Profit Target,WIN
292,2023-07-03,2023-08-04,2023-07-17,32,4455.59,4522.73,4478.38,13.57,4350,4300,7.28,0,,4610,4660,4.96,0,,1224.14,0.00,627.61,51.3,50% Profit Target,WIN
294,2023-07-17,2023-08-18,2023-07-25,32,4522.73,4567.53,4370.04,13.48,4415,4365,7.07,0,,4680,4730,4.77,0,,1184.58,0.00,652.23,55.1,50% Profit Target,WIN
295,2023-07-24,2023-08-25,2023-07-27,32,4554.67,4537.43,4405.73,13.91,4455,4405,6.85,0,,4700,4750,4.84,0,,1169.01,0.00,685.08,58.6,50% Profit Target,WIN
293,2023-07-10,2023-08-11,2023-08-11,32,4409.72,4464.18,4464.18,15.07,4300,4250,7.35,0,Expiration,4570,4620,4.90,0,CALL:Stop Loss,1225.13,0.00,-339.92,-27.7,Expiration,LOSS
296,2023-07-27,2023-09-01,2023-08-22,36,4537.43,4387.65,4515.74,14.41,4290,4240,6.24,2,10 DTE Exit,4685,4735,4.92,0,10 DTE Exit,2455.60,-2122.26,-1336.26,-54.4,10 DTE Exit (Cut Loss),LOSS
298,2023-08-14,2023-09-15,2023-09-05,32,4489.83,4496.79,4450.30,14.82,4385,4335,7.10,0,PUT:Stop Loss,4645,4695,4.71,0,10 DTE Exit,1181.54,0.00,-1222.33,-103.5,10 DTE Exit (Cut Loss),LOSS
297,2023-08-07,2023-09-08,2023-09-08,32,4518.53,4457.58,4457.58,15.77,4310,4260,6.92,1,Expiration,4680,4730,4.80,0,Expiration,1907.77,-1250.90,-78.65,-4.1,Expiration,LOSS
300,2023-08-28,2023-09-29,2023-09-11,32,4433.28,4487.59,4288.24,15.08,4300,4250,7.49,0,,4620,4670,4.98,0,,1246.47,0.00,670.41,53.8,50% Profit Target,WIN
301,2023-09-05,2023-10-06,2023-09-14,31,4496.79,4505.18,4308.48,14.01,4365,4315,7.54,0,,4680,4730,5.09,0,,1263.28,0.00,649.78,51.4,50% Profit Target,WIN
299,2023-08-21,2023-09-22,2023-09-22,32,4399.91,4319.95,4319.95,17.13,4285,4235,7.10,0,Expiration,4560,4610,5.05,0,CALL:Stop Loss,1215.18,0.00,-331.78,-27.3,Expiration,LOSS
302,2023-09-11,2023-10-13,2023-10-03,32,4487.59,4229.60,4327.81,13.80,4355,4305,7.83,0,PUT:Stop Loss,4675,4725,5.23,0,10 DTE Exit,1305.83,0.00,-1057.50,-81.0,10 DTE Exit (Cut Loss),LOSS
303,2023-09-14,2023-10-20,2023-10-10,36,4505.18,4358.25,4224.09,12.82,4375,4325,7.71,0,PUT:Stop Loss,4695,4745,5.13,0,10 DTE Exit,1283.89,0.00,-1287.84,-100.3,10 DTE Exit (Cut Loss),LOSS
304,2023-09-25,2023-10-27,2023-10-10,32,4337.51,4358.25,4117.43,16.90,4210,4160,7.48,0,,4515,4565,5.10,0,,1258.29,0.00,673.78,53.5,50% Profit Target,WIN
305,2023-10-02,2023-11-03,2023-10-19,32,4288.40,4277.95,4358.33,17.61,4170,4120,7.23,0,,4455,4505,4.91,0,,1213.85,0.00,842.21,69.4,50% Profit Target,WIN
306,2023-10-09,2023-11-10,2023-10-19,32,4335.65,4277.95,4415.28,17.70,4195,4145,7.94,0,,4535,4585,5.08,0,,1302.55,0.00,689.97,53.0,50% Profit Target,WIN
307,2023-10-16,2023-11-17,2023-11-07,32,4373.67,4378.39,4514.04,17.21,4230,4180,7.88,0,PUT:Stop Loss,4575,4625,5.12,0,10 DTE Exit,1299.45,0.00,-1386.83,-106.7,10 DTE Exit (Cut Loss),LOSS
308,2023-10-19,2023-11-24,2023-11-14,36,4277.95,4495.54,4559.34,21.40,4135,4085,7.73,0,PUT:Stop Loss,4480,4530,5.13,0,CALL:Stop Loss,1286.03,0.00,-3766.01,-292.8,10 DTE Exit (Cut Loss),LOSS
312,2023-11-20,2023-12-22,2023-11-27,32,4547.41,4550.42,4754.64,13.41,4380,4330,8.20,0,,4780,4830,5.24,0,,1343.31,0.00,827.15,61.6,50% Profit Target,WIN
311,2023-11-13,2023-12-15,2023-11-28,32,4411.53,4554.90,4718.91,14.76,4230,4180,8.05,0,,4655,4705,5.28,0,,1333.72,0.00,767.96,57.6,50% Profit Target,WIN
309,2023-10-30,2023-12-01,2023-12-01,32,4166.78,4594.63,4594.63,19.75,4010,3960,7.82,0,Expiration,4380,4430,5.11,0,CALL:Stop Loss,1292.91,0.00,-443.89,-34.3,Expiration,LOSS
313,2023-11-27,2023-12-29,2023-12-01,32,4550.42,4594.63,4769.89,12.69,4420,4370,7.59,0,,4735,4785,5.07,0,,1265.24,0.00,735.86,58.2,50% Profit Target,WIN
310,2023-11-06,2023-12-08,2023-12-08,32,4366.00,4604.37,4604.37,14.89,4195,4145,8.22,0,Expiration,4600,4650,5.30,0,CALL:Stop Loss,1352.09,0.00,-342.21,-25.3,Expiration,LOSS
314,2023-12-01,2024-01-05,2023-12-11,35,4594.63,4622.41,4697.22,12.63,4480,4430,7.18,0,,4760,4810,5.12,0,,1229.68,0.00,806.94,65.6,50% Profit Target,WIN
315,2023-12-11,2024-01-12,2023-12-13,32,4622.41,4707.17,4783.84,12.63,4530,4480,6.91,0,,4765,4815,4.57,0,,1148.71,0.00,667.57,58.1,50% Profit Target,WIN
316,2023-12-18,2024-01-19,2024-01-08,32,4740.54,4763.54,4839.80,12.56,4665,4615,6.85,0,,4865,4915,4.60,0,,1144.84,0.00,594.99,52.0,50% Profit Target,WIN
317,2024-01-08,2024-02-09,2024-01-16,32,4763.54,4765.95,5026.57,13.08,4635,4585,7.56,0,,4950,5000,4.93,0,,1249.37,0.00,649.88,52.0,50% Profit Target,WIN
318,2024-01-16,2024-02-16,2024-02-16,31,4765.95,5005.55,5005.55,13.84,4650,4600,7.40,0,Expiration,4935,4985,4.93,0,CALL:Stop Loss,1233.11,0.00,-509.09,-41.3,Expiration,LOSS
321,2024-02-05,2024-03-08,2024-02-20,32,4942.79,4975.55,5123.71,13.67,4800,4750,7.80,0,,5145,5195,5.22,0,,1301.97,0.00,791.20,60.8,50% Profit Target,WIN
319,2024-01-22,2024-02-23,2024-02-23,32,4850.43,5088.84,5088.84,13.19,4735,4685,7.30,0,Expiration,5020,5070,4.90,0,CALL:Stop Loss,1220.12,0.00,-434.31,-35.6,Expiration,LOSS
322,2024-02-12,2024-03-15,2024-02-29,32,5021.90,5095.88,5116.98,13.93,4885,4835,7.63,0,,5215,5265,5.26,0,,1289.39,0.00,723.59,56.1,50% Profit Target,WIN
320,2024-01-29,2024-03-01,2024-03-01,32,4927.94,5137.09,5137.09,13.60,4815,4765,7.42,0,Expiration,5095,5145,5.04,0,CALL:Stop Loss,1245.76,0.00,-273.37,-21.9,Expiration,LOSS
324,2024-02-26,2024-03-29,2024-03-01,32,5069.53,5137.09,5203.71,13.74,4890,4840,8.17,0,,5315,5365,5.45,0,,1361.53,0.00,700.11,51.4,50% Profit Target,WIN
325,2024-02-29,2024-04-05,2024-03-14,36,5095.88,5150.55,5204.29,13.40,4935,4885,8.16,0,,5330,5380,5.30,0,,1346.00,0.00,835.16,62.0,50% Profit Target,WIN
326,2024-03-11,2024-04-12,2024-03-19,32,5117.95,5178.49,5123.40,15.22,4955,4905,7.91,0,,5345,5395,5.26,0,,1317.03,0.00,716.77,54.4,50% Profit Target,WIN
323,2024-02-20,2024-03-22,2024-03-22,31,4975.55,5234.16,5234.16,15.42,4830,4780,7.95,0,Expiration,5180,5230,5.33,0,CALL:Stop Loss,1327.91,0.00,-366.39,-27.6,Expiration,LOSS
327,2024-03-14,2024-04-19,2024-03-25,36,5150.55,5218.25,4967.26,14.40,4995,4945,8.02,0,,5375,5425,5.38,0,,1339.92,0.00,745.81,55.7,50% Profit Target,WIN
328,2024-03-25,2024-04-26,2024-04-04,32,5218.25,5147.26,5099.82,13.19,5095,5045,7.33,0,,5400,5450,4.90,0,,1223.18,0.00,723.63,59.2,50% Profit Target,WIN
329,2024-04-01,2024-05-03,2024-04-23,32,5243.73,5070.54,5127.79,13.65,5120,5070,7.45,0,PUT:Stop Loss,5425,5475,5.07,0,10 DTE Exit,1251.60,0.00,-1667.95,-133.3,10 DTE Exit (Cut Loss),LOSS
330,2024-04-04,2024-05-10,2024-04-30,36,5147.26,5035.64,5222.67,16.35,5010,4960,7.61,0,PUT:Stop Loss,5350,5400,5.11,0,10 DTE Exit,1272.68,0.00,-1545.78,-121.5,10 DTE Exit (Cut Loss),LOSS
331,2024-04-15,2024-05-17,2024-04-30,32,5061.82,5035.64,5303.30,19.23,4910,4860,7.93,0,,5275,5325,5.33,0,,1326.31,0.00,727.16,54.8,50% Profit Target,WIN
334,2024-05-06,2024-06-07,2024-05-13,32,5180.76,5221.42,5347.01,13.49,4990,4940,8.29,0,,5440,5490,5.54,0,,1383.26,0.00,802.73,58.0,50% Profit Target,WIN
335,2024-05-13,2024-06-14,2024-05-23,32,5221.42,5267.87,5431.64,13.60,5065,5015,7.81,0,,5440,5490,5.28,0,,1309.18,0.00,818.12,62.5,50% Profit Target,WIN
332,2024-04-22,2024-05-24,2024-05-24,32,5010.61,5304.71,5304.71,16.94,4865,4815,7.89,0,Expiration,5220,5270,5.11,0,CALL:Stop Loss,1299.81,0.00,-540.70,-41.6,Expiration,LOSS
336,2024-05-20,2024-06-21,2024-05-29,32,5308.19,5266.97,5464.72,12.15,5165,5115,7.90,0,,5515,5565,5.25,0,,1315.30,0.00,669.45,50.9,50% Profit Target,WIN
337,2024-05-23,2024-06-28,2024-05-29,36,5267.87,5266.97,5460.71,12.77,5120,5070,7.94,0,,5485,5535,5.32,0,,1325.47,0.00,683.84,51.6,50% Profit Target,WIN
333,2024-04-29,2024-05-31,2024-05-31,32,5116.15,5277.80,5277.80,14.67,4945,4895,7.88,0,Expiration,5350,5400,5.33,0,CALL:Stop Loss,1320.70,0.00,-371.36,-28.1,Expiration,LOSS
340,2024-06-17,2024-07-19,2024-06-24,32,5473.30,5447.85,5505.09,12.75,5365,5315,7.21,0,,5640,5690,4.87,0,,1207.83,0.00,605.48,50.1,50% Profit Target,WIN
338,2024-06-03,2024-07-05,2024-06-25,32,5283.42,5469.36,5567.19,13.11,5175,5125,7.00,0,10 DTE Exit,5445,5495,4.92,0,CALL:Stop Loss,1192.20,0.00,-1184.57,-99.4,10 DTE Exit (Cut Loss),LOSS
341,2024-06-24,2024-07-26,2024-06-28,32,5447.85,5460.71,5459.10,13.33,5345,5295,6.96,0,,5605,5655,4.88,0,,1184.45,0.00,821.21,69.3,50% Profit Target,WIN
339,2024-06-10,2024-07-12,2024-07-12,32,5360.90,5615.39,5615.39,12.74,5250,5200,7.23,0,Expiration,5530,5580,4.84,0,CALL:Stop Loss,1207.19,0.00,-463.01,-38.4,Expiration,LOSS
343,2024-07-08,2024-08-09,2024-07-19,32,5572.85,5505.09,5344.17,12.37,5505,5455,6.18,0,PUT:Stop Loss,5695,5745,4.15,0,CALL:Stop Loss,1033.22,0.00,-2317.33,-224.3,Both legs stopped out,LOSS
342,2024-06-28,2024-08-02,2024-07-23,35,5460.71,5555.69,5346.50,12.44,5375,5325,6.70,0,10 DTE Exit,5605,5655,4.62,0,CALL:Stop Loss,1132.49,0.00,-579.44,-51.2,10 DTE Exit (Cut Loss),LOSS
344,2024-07-15,2024-08-16,2024-08-06,32,5631.25,5239.85,5554.25,13.12,5540,5490,6.97,0,PUT:Stop Loss,5780,5830,4.74,0,10 DTE Exit,1170.62,0.00,-997.94,-85.2,10 DTE Exit (Cut Loss),LOSS
345,2024-07-22,2024-08-23,2024-08-13,32,5564.44,5434.42,5634.61,14.91,5420,5370,7.62,0,PUT:Stop Loss,5770,5820,5.27,0,10 DTE Exit,1289.07,0.00,-1270.67,-98.6,10 DTE Exit (Cut Loss),LOSS
346,2024-07-29,2024-08-30,2024-08-20,32,5463.56,5597.09,5648.21,16.60,5270,5220,8.33,0,VIX Exit,5730,5780,5.51,0,10 DTE Exit,1384.47,0.00,-2726.78,-197.0,10 DTE Exit (Cut Loss),LOSS
348,2024-08-19,2024-09-20,2024-08-28,32,5608.23,5592.21,5702.63,14.65,5285,5235,9.13,0,,6040,6090,5.68,0,,1481.17,0.00,743.87,50.2,50% Profit Target,WIN
349,2024-08-26,2024-09-27,2024-09-03,32,5616.88,5528.94,5738.12,16.15,5315,5265,9.01,0,,6020,6070,5.68,0,,1468.71,0.00,1001.51,68.2,50% Profit Target,WIN
350,2024-09-03,2024-10-04,2024-09-11,31,5528.94,5554.12,5751.07,20.72,5300,5250,8.41,0,,5835,5885,5.53,0,,1393.69,0.00,829.71,59.5,50% Profit Target,WIN
347,2024-08-12,2024-09-13,2024-09-13,32,5344.38,5626.03,5626.03,20.71,5050,5000,9.03,0,Expiration,5740,5790,5.60,0,CALL:Stop Loss,1462.39,0.00,-251.66,-17.2,Expiration,LOSS
352,2024-09-16,2024-10-18,2024-09-30,32,5633.10,5762.40,5864.69,17.14,5425,5375,8.36,0,,5915,5965,5.62,0,,1397.39,0.00,808.38,57.8,50% Profit Target,WIN
353,2024-09-23,2024-10-25,2024-10-01,32,5718.56,5708.72,5808.13,15.89,5510,5460,8.41,0,,6005,6055,5.54,0,,1394.91,0.00,960.86,68.9,50% Profit Target,WIN
354,2024-09-30,2024-11-01,2024-10-04,32,5762.40,5751.07,5728.88,16.73,5560,5510,8.33,0,,6040,6090,5.57,0,,1389.78,0.00,969.71,69.8,50% Profit Target,WIN
351,2024-09-09,2024-10-11,2024-10-11,32,5471.07,5815.04,5815.04,19.45,5250,5200,8.55,0,Expiration,5770,5820,5.64,0,CALL:Stop Loss,1418.93,0.00,-616.68,-43.5,Expiration,LOSS
355,2024-10-04,2024-11-08,2024-10-21,35,5751.07,5853.99,5995.60,19.21,5615,5565,7.82,0,,5960,6010,5.14,0,,1295.73,0.00,740.86,57.2,50% Profit Target,WIN
356,2024-10-14,2024-11-15,2024-10-21,32,5859.96,5853.99,5870.62,19.70,5715,5665,7.86,0,,6075,6125,5.15,0,,1300.36,0.00,655.99,50.4,50% Profit Target,WIN
357,2024-10-21,2024-11-22,2024-11-07,32,5853.99,5973.11,5969.27,18.37,5725,5675,7.55,0,PUT:Stop Loss,6045,6095,5.24,0,CALL:Stop Loss,1278.46,0.00,-2613.75,-204.4,Both legs stopped out,LOSS
358,2024-10-28,2024-11-29,2024-11-19,32,5823.60,5916.97,6032.38,19.80,5685,5635,7.53,0,10 DTE Exit,6025,6075,5.20,0,CALL:Stop Loss,1273.25,0.00,-1171.22,-92.0,10 DTE Exit (Cut Loss),LOSS
360,2024-11-11,2024-12-13,2024-11-25,32,6001.40,5987.30,6051.09,14.97,5795,5745,8.39,0,,6285,6335,5.64,0,,1402.71,0.00,737.81,52.6,50% Profit Target,WIN
359,2024-11-04,2024-12-06,2024-11-26,32,5712.73,6021.60,6090.27,21.98,5565,5515,7.84,0,10 DTE Exit,5925,5975,5.36,0,CALL:Stop Loss,1320.31,0.00,-1231.62,-93.3,10 DTE Exit (Cut Loss),LOSS
361,2024-11-18,2024-12-20,2024-11-29,32,5893.63,6032.38,5931.01,15.58,5675,5625,8.30,0,,6190,6240,5.54,0,,1383.95,0.00,704.66,50.9,50% Profit Target,WIN
362,2024-11-25,2024-12-27,2024-12-03,32,5987.30,6049.88,5970.86,14.60,5770,5720,8.26,0,,6280,6330,5.62,0,,1387.80,0.00,742.79,53.5,50% Profit Target,WIN
363,2024-11-29,2025-01-03,2024-12-05,35,6032.38,6075.10,5942.48,13.51,5845,5795,8.27,0,,6300,6350,5.55,0,,1381.99,0.00,1073.42,77.7,50% Profit Target,WIN
364,2024-12-05,2025-01-10,2024-12-16,36,6075.10,6074.11,5827.02,13.54,5960,5910,7.63,0,,6265,6315,5.02,0,,1265.31,0.00,859.57,67.9,50% Profit Target,WIN
365,2024-12-16,2025-01-17,2025-01-07,32,6074.11,5909.04,5996.71,14.69,5985,5935,6.74,0,PUT:Stop Loss,6220,6270,4.86,0,10 DTE Exit,1159.80,0.00,-2222.69,-191.6,10 DTE Exit (Cut Loss),LOSS
366,2024-12-23,2025-01-24,2025-01-14,32,5974.06,5842.90,6101.24,16.78,5770,5720,8.34,0,10 DTE Exit,6255,6305,5.59,0,10 DTE Exit,1393.33,0.00,285.48,20.5,10 DTE Exit (Profitable),WIN
367,2024-12-30,2025-01-31,2025-01-21,32,5906.93,6049.29,6040.46,17.40,5685,5635,8.41,0,,6210,6260,5.54,0,,1395.32,0.00,1085.58,77.8,50% Profit Target,WIN
368,2025-01-06,2025-02-07,2025-01-21,32,5975.38,6049.29,6025.99,16.04,5740,5690,8.57,0,,6295,6345,5.65,0,,1421.95,0.00,955.69,67.2,50% Profit Target,WIN
370,2025-01-21,2025-02-21,2025-01-31,31,6049.29,6040.46,6013.23,15.06,5830,5780,8.44,0,,6350,6400,5.53,0,,1396.70,0.00,810.83,58.1,50% Profit Target,WIN
371,2025-01-27,2025-02-28,2025-02-05,32,6012.31,6061.48,5954.41,17.90,5785,5735,8.33,0,,6320,6370,5.55,0,,1387.57,0.00,698.82,50.4,50% Profit Target,WIN
372,2025-01-31,2025-03-07,2025-02-10,35,6040.46,6066.46,5770.20,16.43,5815,5765,8.38,0,,6350,6400,5.65,0,,1403.40,0.00,755.72,53.8,50% Profit Target,WIN
369,2025-01-13,2025-02-14,2025-02-14,32,5836.25,6114.59,6114.59,19.19,5590,5540,8.43,0,Expiration,6165,6215,5.58,0,CALL:Stop Loss,1400.65,0.00,-419.89,-30.0,Expiration,LOSS
373,2025-02-10,2025-03-14,2025-02-18,32,6066.46,6129.57,5638.94,15.81,5875,5825,8.04,0,,6330,6380,5.50,0,,1353.39,0.00,702.65,51.9,50% Profit Target,WIN
375,2025-02-24,2025-03-28,2025-02-26,32,5983.43,5956.16,5580.95,18.98,5800,5750,7.98,0,,6240,6290,5.34,0,,1332.52,0.00,678.66,50.9,50% Profit Target,WIN
374,2025-02-18,2025-03-21,2025-03-11,31,6129.57,5572.07,5667.35,15.35,5965,5915,7.89,0,PUT:Stop Loss,6360,6410,5.50,0,10 DTE Exit,1338.76,0.00,-1312.96,-98.1,10 DTE Exit (Cut Loss),LOSS
376,2025-03-03,2025-04-04,2025-03-25,32,5849.72,5776.62,5074.05,22.78,5635,5585,8.23,0,PUT:Stop Loss,6140,6190,5.54,0,10 DTE Exit,1377.07,0.00,-1508.05,-109.5,10 DTE Exit (Cut Loss),LOSS
377,2025-03-17,2025-04-18,2025-04-01,32,5675.13,5633.08,5396.61,20.51,5380,5330,8.90,0,,6070,6120,5.61,0,,1451.20,0.00,748.53,51.6,50% Profit Target,WIN
378,2025-03-24,2025-04-25,2025-04-15,32,5767.56,5396.61,5525.21,17.48,5450,5400,9.08,0,VIX Exit,6195,6245,5.62,0,10 DTE Exit,1469.67,0.00,-1347.76,-91.7,10 DTE Exit (Cut Loss),LOSS
379,2025-03-31,2025-05-02,2025-04-22,32,5611.91,5287.72,5686.63,22.28,5315,5265,8.93,0,VIX Exit,6010,6060,5.60,0,10 DTE Exit,1452.48,0.00,-762.40,-52.5,10 DTE Exit (Cut Loss),LOSS
380,2025-05-05,2025-06-06,2025-05-08,32,5650.59,5664.12,6000.32,23.64,5075,5025,10.25,0,,6460,6510,5.45,0,,1570.01,0.00,1252.49,79.8,50% Profit Target,WIN
381,2025-05-08,2025-06-13,2025-05-19,36,5664.12,5963.59,5976.96,22.48,5290,5240,9.30,0,,6170,6220,5.67,0,,1497.18,0.00,902.58,60.3,50% Profit Target,WIN
382,2025-05-19,2025-06-20,2025-06-03,32,5963.59,5970.38,5967.83,18.14,5720,5670,8.47,0,,6290,6340,5.63,0,,1409.41,0.00,791.76,56.2,50% Profit Target,WIN
383,2025-06-02,2025-07-04,2025-06-10,32,5936.03,6038.81,6198.05,18.36,5690,5640,8.72,0,,6270,6320,5.68,0,,1439.83,0.00,1028.29,71.4,50% Profit Target,WIN
384,2025-06-09,2025-07-11,2025-06-10,32,6005.88,6038.81,6259.75,17.16,5760,5710,8.63,0,,6340,6390,5.61,0,,1424.31,0.00,835.91,58.7,50% Profit Target,WIN
385,2025-06-16,2025-07-18,2025-06-25,32,6033.11,6092.20,6296.79,19.11,5840,5790,8.28,0,,6305,6355,5.43,0,,1370.48,0.00,930.76,67.9,50% Profit Target,WIN
387,2025-06-30,2025-08-01,2025-07-14,32,6204.94,6268.56,6238.01,16.73,6055,6005,7.87,0,,6425,6475,5.33,0,,1319.99,0.00,720.10,54.6,50% Profit Target,WIN
388,2025-07-07,2025-08-08,2025-07-15,32,6229.98,6243.68,6389.51,17.79,6070,6020,7.94,0,,6460,6510,5.45,0,,1339.28,0.00,843.55,63.0,50% Profit Target,WIN
389,2025-07-14,2025-08-15,2025-07-17,32,6268.56,6297.50,6449.79,17.20,6115,6065,7.99,0,,6495,6545,5.35,0,,1333.50,0.00,820.87,61.6,50% Profit Target,WIN
390,2025-07-17,2025-08-22,2025-07-23,36,6297.50,6358.99,6466.90,16.52,6175,6125,7.53,0,,6495,6545,5.09,0,,1262.76,0.00,695.94,55.1,50% Profit Target,WIN
386,2025-06-23,2025-07-25,2025-07-25,32,6025.19,6388.65,6388.65,19.83,5845,5795,8.10,0,Expiration,6280,6330,5.39,0,CALL:Stop Loss,1349.42,0.00,-269.37,-20.0,Expiration,LOSS
391,2025-07-28,2025-08-29,2025-07-31,32,6389.80,6339.55,6460.27,15.03,6295,6245,6.83,0,,6545,6595,4.90,0,,1173.08,0.00,607.79,51.8,50% Profit Target,WIN
392,2025-07-31,2025-09-05,2025-08-12,36,6339.55,6445.82,6481.52,16.72,6240,6190,7.13,0,PUT:Stop Loss,6510,6560,4.92,0,CALL:Stop Loss,1205.04,0.00,-2699.36,-224.0,Both legs stopped out,LOSS
393,2025-08-11,2025-09-12,2025-08-29,32,6373.52,6460.27,6584.29,16.25,6215,6165,7.82,0,,6605,6655,5.26,0,,1308.27,0.00,806.31,61.6,50% Profit Target,WIN
394,2025-08-18,2025-09-19,2025-08-29,32,6449.16,6460.27,6664.41,14.99,6280,6230,7.94,0,,6690,6740,5.50,0,,1343.58,0.00,703.30,52.3,50% Profit Target,WIN
395,2025-08-25,2025-09-26,2025-09-02,32,6439.32,6415.54,6643.70,14.79,6245,6195,8.18,0,,6710,6760,5.60,0,,1378.10,0.00,790.41,57.4,50% Profit Target,WIN
396,2025-08-29,2025-10-03,2025-09-05,35,6460.27,6481.52,6715.79,15.36,6285,6235,7.86,0,,6715,6765,5.36,0,,1322.38,0.00,748.22,56.6,50% Profit Target,WIN
397,2025-09-05,2025-10-10,2025-09-17,35,6481.52,6600.42,6552.50,15.18,6320,6270,7.85,0,,6720,6770,5.42,0,,1326.70,0.00,744.76,56.1,50% Profit Target,WIN
398,2025-09-15,2025-10-17,2025-09-22,32,6615.31,6693.77,6664.01,15.69,6470,6420,7.64,0,,6830,6880,5.34,0,,1298.76,0.00,908.51,70.0,50% Profit Target,WIN
399,2025-09-22,2025-10-24,2025-10-01,32,6693.77,6711.20,6791.75,16.10,6585,6535,7.16,0,,6870,6920,4.94,0,,1210.67,0.00,777.96,64.3,50% Profit Target,WIN
400,2025-09-29,2025-10-31,2025-10-01,32,6661.21,6711.20,6840.25,16.12,6550,6500,7.34,0,,6840,6890,5.08,0,,1242.39,0.00,657.22,52.9,50% Profit Target,WIN
401,2025-10-06,2025-11-07,2025-10-27,32,6740.28,6875.12,6728.81,16.37,6655,6605,6.94,0,PUT:Stop Loss,6890,6940,4.90,0,CALL:Stop Loss,1184.43,0.00,-3927.52,-331.6,Both legs stopped out,LOSS
403,2025-10-20,2025-11-21,2025-11-05,32,6735.13,6796.31,6602.96,18.23,6500,6450,8.33,0,,7055,7105,5.65,0,,1398.03,0.00,742.50,53.1,50% Profit Target,WIN
402,2025-10-13,2025-11-14,2025-11-06,32,6654.69,6720.39,6734.11,19.03,6435,6385,8.27,0,10 DTE Exit,6955,7005,5.67,0,CALL:Stop Loss,1393.98,0.00,-741.36,-53.2,10 DTE Exit (Cut Loss),LOSS
406,2025-11-06,2025-12-12,2025-11-07,36,6720.39,6728.81,6827.38,19.50,6435,6385,8.71,0,,7110,7160,5.78,0,,1448.36,0.00,840.81,58.1,50% Profit Target,WIN
404,2025-10-27,2025-11-28,2025-11-10,32,6875.12,6832.47,6849.09,15.79,6625,6575,8.45,0,,7215,7265,5.68,0,,1412.19,0.00,907.69,64.3,50% Profit Target,WIN
405,2025-11-03,2025-12-05,2025-11-10,32,6852.04,6832.47,6870.40,17.17,6595,6545,8.56,0,,7205,7255,5.60,0,,1416.19,0.00,815.79,57.6,50% Profit Target,WIN
407,2025-11-17,2025-12-19,2025-12-09,32,6672.50,6840.52,6834.73,22.38,6455,6405,8.40,0,,6975,7025,5.62,0,,1402.78,0.00,712.93,50.8,50% Profit Target,WIN
408,2025-11-24,2025-12-26,2025-12-09,32,6705.08,6840.52,6929.95,20.52,6455,6405,8.60,0,,7050,7100,5.60,0,,1419.62,0.00,792.88,55.9,50% Profit Target,WIN
409,2025-12-01,2026-01-02,2025-12-09,32,6812.66,6840.52,6858.45,17.24,6550,6500,8.67,0,,7170,7220,5.74,0,,1440.25,0.00,777.39,54.0,50% Profit Target,WIN
410,2025-12-08,2026-01-09,2025-12-12,32,6846.51,6827.38,6966.28,16.66,6605,6555,8.54,0,,7180,7230,5.65,0,,1418.98,0.00,761.15,53.6,50% Profit Target,WIN
411,2025-12-12,2026-01-16,2025-12-22,35,6827.38,6878.49,6940.00,15.74,6610,6560,8.32,0,,7135,7185,5.63,0,,1395.19,0.00,756.49,54.2,50% Profit Target,WIN
412,2025-12-22,2026-01-23,2025-12-29,32,6878.49,6905.75,6915.62,14.08,6695,6645,8.00,0,,7140,7190,5.49,0,,1349.01,0.00,800.22,59.3,50% Profit Target,WIN
413,2025-12-29,2026-01-30,2026-01-12,32,6905.75,6977.32,6978.56,14.20,6760,6710,7.85,0,,7125,7175,5.46,0,,1330.94,0.00,709.41,53.3,50% Profit Target,WIN
414,2026-01-05,2026-02-06,2026-01-13,32,6902.10,6963.66,6963.66,14.90,6745,6695,7.73,0,,7135,7185,5.27,0,,1300.75,0.00,659.48,50.7,50% Profit Target,WIN
415,2026-01-12,2026-02-13,2026-01-16,32,6977.32,6940.00,6940.00,15.12,6815,6765,7.77,0,,7215,7265,5.38,0,,1315.23,0.00,751.32,57.1,50% Profit Target,WIN
416,2026-01-16,2026-02-20,2026-02-20,35,6940.00,6968.90,6968.90,15.86,6820,6770,7.65,0,PUT:Stop Loss,7140,7190,5.16,0,Expiration,1280.52,0.00,-1043.38,-81.5,Expiration,LOSS
417,2026-01-26,2026-02-27,2026-02-27,32,6950.30,6968.90,6968.90,16.15,6765,6715,8.07,0,Expiration,7215,7265,5.53,0,Expiration,1359.22,0.00,1359.22,100.0,Expiration,WIN
